2025-11-03 15:43:25,805 [INFO] Activator:176 - 


2025-11-03 15:43:25,808 [INFO] Activator:177 - !SESSION log4j initialized
2025-11-03 15:43:37,267 [INFO] LogOutputStream:77 - [STDOUT_REDIRECT] 
2025-11-03 15:43:37,743 [ERROR] ConfigurationRetriever:142 - IOException on connection: sw-center.st.com
2025-11-03 15:43:37,744 [ERROR] ConfigurationRetriever:142 - IOException on connection: sw-center.st.com
2025-11-03 15:43:37,744 [ERROR] ConfigurationRetriever:142 - IOException on connection: sw-center.st.com
2025-11-03 15:43:37,756 [ERROR] ConfigurationRetriever:142 - IOException on connection: sw-center.st.com
2025-11-03 15:43:37,757 [ERROR] ConfigurationRetriever:142 - IOException on connection: sw-center.st.com
2025-11-03 15:43:37,758 [ERROR] ConfigurationRetriever:142 - IOException on connection: sw-center.st.com
2025-11-03 15:43:40,145 [INFO] ApplicationProperties:184 - Using Application install path: /opt/st/stm32cubeide_1.19.0/plugins/com.st.stm32cube.common.mx_6.15.0.202507011659
2025-11-03 15:43:40,243 [INFO] DbMcusXml:78 - Set database path to: /opt/st/stm32cubeide_1.19.0/plugins/com.st.stm32cube.common.mx_6.15.0.202507011659//db//mcu/
2025-11-03 15:43:40,243 [INFO] ApiDb:274 - Set plugin database path to: /opt/st/stm32cubeide_1.19.0/plugins/com.st.stm32cube.common.mx_6.15.0.202507011659//db//plugins/boardmanager/
2025-11-03 15:43:40,244 [WARN] ApiDb:259 - Overriding images path with different value:  => /opt/st/stm32cubeide_1.19.0/plugins/com.st.stm32cube.common.mx_6.15.0.202507011659//db//plugins/mcufinder/images/
2025-11-03 15:43:40,326 [INFO] ApiDb:250 - Set database path to: /home/pinkyflowy/.stmcufinder/plugins/mcufinder//mcu/
2025-11-03 15:43:40,330 [INFO] DbMcusAds:125 - Set database path to: /home/pinkyflowy/.stmcufinder/plugins/mcufinder//mcu/
2025-11-03 15:43:40,337 [INFO] CrossReferenceDbSqlite:203 - Set database path to: /home/pinkyflowy/.stmcufinder/plugins/mcufinder//mcu/cs/
2025-11-03 15:43:40,640 [INFO] RulesReader:64 - Compatibility file has been processed (317 Rules)
2025-11-03 15:43:41,002 [INFO] DbMcusXml:78 - Set database path to: /opt/st/stm32cubeide_1.19.0/plugins/com.st.stm32cube.common.mx_6.15.0.202507011659//db//mcu/
2025-11-03 15:43:41,002 [INFO] ApiDb:274 - Set plugin database path to: /opt/st/stm32cubeide_1.19.0/plugins/com.st.stm32cube.common.mx_6.15.0.202507011659//db//plugins/boardmanager/
2025-11-03 15:43:41,003 [INFO] ApiDb:261 - Set plugin images path to: /opt/st/stm32cubeide_1.19.0/plugins/com.st.stm32cube.common.mx_6.15.0.202507011659//db//plugins/mcufinder/images/
2025-11-03 15:43:41,003 [WARN] DbFile:41 - Overriding database path with different value: /home/pinkyflowy/.stmcufinder/plugins/mcufinder/ => /home/pinkyflowy/.stmcufinder/plugins/mcufinder
2025-11-03 15:43:41,003 [INFO] ApiDb:250 - Set database path to: /home/pinkyflowy/.stmcufinder/plugins/mcufinder//mcu/
2025-11-03 15:43:41,003 [WARN] DbFile:41 - Overriding database path with different value: /home/pinkyflowy/.stmcufinder/plugins/mcufinder/ => /home/pinkyflowy/.stmcufinder/plugins/mcufinder
2025-11-03 15:43:41,003 [INFO] DbMcusAds:125 - Set database path to: /home/pinkyflowy/.stmcufinder/plugins/mcufinder//mcu/
2025-11-03 15:43:41,003 [WARN] DbFile:41 - Overriding database path with different value: /home/pinkyflowy/.stmcufinder/plugins/mcufinder/ => /home/pinkyflowy/.stmcufinder/plugins/mcufinder
2025-11-03 15:43:41,003 [WARN] DbFile:41 - Overriding database path with different value: /home/pinkyflowy/.stmcufinder/plugins/mcufinder/ => /home/pinkyflowy/.stmcufinder/plugins/mcufinder
2025-11-03 15:43:41,003 [INFO] CrossReferenceDbSqlite:203 - Set database path to: /home/pinkyflowy/.stmcufinder/plugins/mcufinder//mcu/cs/
2025-11-03 15:43:41,400 [INFO] MainPanel:274 - HeapMemory: 268435456
2025-11-03 15:43:42,190 [INFO] DbMcusXml:78 - Set database path to: /opt/st/stm32cubeide_1.19.0/plugins/com.st.stm32cube.common.mx_6.15.0.202507011659//db//mcu/
2025-11-03 15:43:42,190 [INFO] ApiDb:274 - Set plugin database path to: /opt/st/stm32cubeide_1.19.0/plugins/com.st.stm32cube.common.mx_6.15.0.202507011659//db//plugins/boardmanager/
2025-11-03 15:43:42,190 [INFO] ApiDb:261 - Set plugin images path to: /opt/st/stm32cubeide_1.19.0/plugins/com.st.stm32cube.common.mx_6.15.0.202507011659//db//plugins/mcufinder/images/
2025-11-03 15:43:42,190 [WARN] DbFile:41 - Overriding database path with different value: /home/pinkyflowy/.stmcufinder/plugins/mcufinder/ => /home/pinkyflowy/.stmcufinder/plugins/mcufinder
2025-11-03 15:43:42,191 [INFO] ApiDb:250 - Set database path to: /home/pinkyflowy/.stmcufinder/plugins/mcufinder//mcu/
2025-11-03 15:43:42,191 [WARN] DbFile:41 - Overriding database path with different value: /home/pinkyflowy/.stmcufinder/plugins/mcufinder/ => /home/pinkyflowy/.stmcufinder/plugins/mcufinder
2025-11-03 15:43:42,191 [INFO] DbMcusAds:125 - Set database path to: /home/pinkyflowy/.stmcufinder/plugins/mcufinder//mcu/
2025-11-03 15:43:42,191 [WARN] DbFile:41 - Overriding database path with different value: /home/pinkyflowy/.stmcufinder/plugins/mcufinder/ => /home/pinkyflowy/.stmcufinder/plugins/mcufinder
2025-11-03 15:43:42,191 [WARN] DbFile:41 - Overriding database path with different value: /home/pinkyflowy/.stmcufinder/plugins/mcufinder/ => /home/pinkyflowy/.stmcufinder/plugins/mcufinder
2025-11-03 15:43:42,191 [INFO] CrossReferenceDbSqlite:203 - Set database path to: /home/pinkyflowy/.stmcufinder/plugins/mcufinder//mcu/cs/
2025-11-03 15:43:42,247 [INFO] ApplicationProperties:184 - Using Application install path: /opt/st/stm32cubeide_1.19.0/plugins/com.st.stm32cube.common.mx_6.15.0.202507011659
2025-11-03 15:43:42,259 [INFO] PluginManage:196 - Search for loadable plugins [exclusion list=, ]
2025-11-03 15:43:42,284 [INFO] PluginManage:310 - Check plugin analytics
2025-11-03 15:43:42,667 [INFO] AnalyticsPlugin:253 - Accepted Software Licenses: 
2025-11-03 15:43:42,667 [INFO] AnalyticsPlugin:255 - Accepted CMSIS Pack Licenses: 
2025-11-03 15:43:42,667 [INFO] AnalyticsPlugin:257 - Accepted Firmware Licenses: FW.L4.1.18.0
2025-11-03 15:43:42,670 [INFO] PluginManage:359 - Loaded plugin analytics (category:tool,tabindex:-1)
2025-11-03 15:43:42,670 [INFO] PluginManage:310 - Check plugin cadmodel
2025-11-03 15:43:42,670 [ERROR] ConfigurationRetriever:142 - IOException on connection: sw-center.st.com
2025-11-03 15:43:42,671 [ERROR] ConfigurationRetriever:142 - IOException on connection: sw-center.st.com
2025-11-03 15:43:42,672 [ERROR] ConfigurationRetriever:142 - IOException on connection: sw-center.st.com
2025-11-03 15:43:42,694 [INFO] CADModel:105 - Init CAD model plugin
2025-11-03 15:43:42,694 [INFO] PluginManage:359 - Loaded plugin cadmodel (category:power,tabindex:5)
2025-11-03 15:43:42,695 [INFO] PluginManage:310 - Check plugin clock
2025-11-03 15:43:42,730 [INFO] PluginManage:359 - Loaded plugin clock (category:base,tabindex:2)
2025-11-03 15:43:42,730 [INFO] PluginManage:310 - Check plugin ddr
2025-11-03 15:43:42,754 [INFO] PluginManage:359 - Loaded plugin ddr (category:tool,tabindex:6)
2025-11-03 15:43:42,754 [INFO] PluginManage:310 - Check plugin filemanager
2025-11-03 15:43:43,189 [INFO] PluginManage:359 - Loaded plugin filemanager (category:base,tabindex:10)
2025-11-03 15:43:43,190 [INFO] PluginManage:310 - Check plugin ipmanager
2025-11-03 15:43:43,230 [INFO] PluginManage:359 - Loaded plugin ipmanager (category:base,tabindex:5)
2025-11-03 15:43:43,230 [INFO] PluginManage:310 - Check plugin lpbam
2025-11-03 15:43:43,371 [INFO] PluginManage:359 - Loaded plugin lpbam (category:base,tabindex:0)
2025-11-03 15:43:43,372 [INFO] PluginManage:310 - Check plugin memorymap
2025-11-03 15:43:43,413 [INFO] PluginManage:359 - Loaded plugin memorymap (category:base,tabindex:4)
2025-11-03 15:43:43,413 [INFO] PluginManage:310 - Check plugin pinoutandconfiguration
2025-11-03 15:43:43,471 [INFO] PluginManage:359 - Loaded plugin pinoutandconfiguration (category:base,tabindex:1)
2025-11-03 15:43:43,472 [INFO] PluginManage:310 - Check plugin pinoutconfig
2025-11-03 15:43:43,697 [WARN] SupportedApi:132 - Cannot load RTOS API schema: s4s-elt-must-match.1: The content of 'definitions' must match (annotation?, (simpleType | complexType)?, (unique | key | keyref)*)). A problem was found starting at: attribute.
2025-11-03 15:43:43,906 [INFO] PluginManage:359 - Loaded plugin pinoutconfig (category:base,tabindex:0)
2025-11-03 15:43:43,906 [INFO] PluginManage:310 - Check plugin power
2025-11-03 15:43:43,956 [INFO] PluginManage:359 - Loaded plugin power (category:power,tabindex:4)
2025-11-03 15:43:43,956 [INFO] PluginManage:310 - Check plugin projectmanager
2025-11-03 15:43:43,997 [INFO] PluginManage:359 - Loaded plugin projectmanager (category:projectmanager,tabindex:4)
2025-11-03 15:43:43,998 [INFO] PluginManage:310 - Check plugin rif
2025-11-03 15:43:44,038 [INFO] PluginManage:359 - Loaded plugin rif (category:base,tabindex:3)
2025-11-03 15:43:44,038 [INFO] PluginManage:310 - Check plugin thirdparty
2025-11-03 15:43:44,454 [INFO] PluginManage:359 - Loaded plugin thirdparty (category:base,tabindex:-1)
2025-11-03 15:43:44,454 [WARN] IntegrityCheckThread:84 - waiting for thirdparty lock release [integrity check]
2025-11-03 15:43:44,454 [INFO] PluginManage:310 - Check plugin tools
2025-11-03 15:43:44,454 [INFO] IntegrityCheckThread:86 - entering critical section [integrity check]
2025-11-03 15:43:44,454 [INFO] ThirdPartyUpdaterWithRetryManager:70 - Updater plugin not ready yet. [1/15]
2025-11-03 15:43:44,481 [INFO] PluginManage:359 - Loaded plugin tools (category:base,tabindex:7)
2025-11-03 15:43:44,481 [INFO] PluginManage:310 - Check plugin tutovideos
2025-11-03 15:43:44,947 [INFO] PluginManage:359 - Loaded plugin tutovideos (category:base,tabindex:-1)
2025-11-03 15:43:44,947 [INFO] PluginManage:310 - Check plugin updater
2025-11-03 15:43:44,993 [INFO] PluginManage:359 - Loaded plugin updater (category:base,tabindex:12)
2025-11-03 15:43:44,993 [INFO] PluginManage:310 - Check plugin userauth
2025-11-03 15:43:45,019 [INFO] UserAuth:118 - Init User Auth plugin
2025-11-03 15:43:45,020 [INFO] PluginManage:359 - Loaded plugin userauth (category:base,tabindex:14)
2025-11-03 15:43:45,020 [INFO] PluginManage:283 - PluginManage : Loaded plugins [18]
2025-11-03 15:43:45,742 [INFO] PinOutPanel:1589 - setPackage(No Configuration,No Configuration)
2025-11-03 15:43:45,930 [INFO] CADModel:165 - CPN selected for project level
2025-11-03 15:43:45,930 [INFO] CADModel:114 - Register for checkConnection events
2025-11-03 15:43:46,002 [INFO] IPUIPlugin:80 - create IPUIPlugin
2025-11-03 15:43:46,002 [INFO] PluginManager:220 - loadIPPluginJar : add can
2025-11-03 15:43:46,028 [INFO] IPUIPlugin:80 - create IPUIPlugin
2025-11-03 15:43:46,029 [INFO] PluginManager:220 - loadIPPluginJar : add openamp
2025-11-03 15:43:46,066 [INFO] IPUIPlugin:80 - create IPUIPlugin
2025-11-03 15:43:46,067 [INFO] PluginManager:220 - loadIPPluginJar : add ddr_ctrl_phy
2025-11-03 15:43:46,087 [INFO] IPUIPlugin:80 - create IPUIPlugin
2025-11-03 15:43:46,088 [INFO] PluginManager:220 - loadIPPluginJar : add usart
2025-11-03 15:43:46,122 [INFO] IPUIPlugin:80 - create IPUIPlugin
2025-11-03 15:43:46,122 [INFO] PluginManager:220 - loadIPPluginJar : add freertos
2025-11-03 15:43:46,133 [INFO] IPUIPlugin:80 - create IPUIPlugin
2025-11-03 15:43:46,134 [INFO] PluginManager:220 - loadIPPluginJar : add opamp
2025-11-03 15:43:46,152 [INFO] IPUIPlugin:80 - create IPUIPlugin
2025-11-03 15:43:46,153 [INFO] PluginManager:220 - loadIPPluginJar : add nvic
2025-11-03 15:43:46,157 [INFO] IPUIPlugin:80 - create IPUIPlugin
2025-11-03 15:43:46,157 [INFO] PluginManager:220 - loadIPPluginJar : add tsc
2025-11-03 15:43:46,187 [INFO] IPUIPlugin:80 - create IPUIPlugin
2025-11-03 15:43:46,187 [INFO] PluginManager:220 - loadIPPluginJar : add resmgrutility
2025-11-03 15:43:46,211 [INFO] IPUIPlugin:80 - create IPUIPlugin
2025-11-03 15:43:46,215 [INFO] PluginManager:220 - loadIPPluginJar : add plateformsettings
2025-11-03 15:43:46,220 [INFO] IPUIPlugin:80 - create IPUIPlugin
2025-11-03 15:43:46,220 [INFO] PluginManager:220 - loadIPPluginJar : add hash
2025-11-03 15:43:46,237 [INFO] IPUIPlugin:80 - create IPUIPlugin
2025-11-03 15:43:46,238 [INFO] PluginManager:220 - loadIPPluginJar : add linkedlist
2025-11-03 15:43:46,240 [INFO] IPUIPlugin:80 - create IPUIPlugin
2025-11-03 15:43:46,241 [INFO] PluginManager:220 - loadIPPluginJar : add tim
2025-11-03 15:43:46,269 [INFO] IPUIPlugin:80 - create IPUIPlugin
2025-11-03 15:43:46,269 [INFO] PluginManager:220 - loadIPPluginJar : add sai
2025-11-03 15:43:46,272 [INFO] IPUIPlugin:80 - create IPUIPlugin
2025-11-03 15:43:46,273 [INFO] PluginManager:220 - loadIPPluginJar : add pdm2pcm
2025-11-03 15:43:46,276 [INFO] IPUIPlugin:80 - create IPUIPlugin
2025-11-03 15:43:46,276 [INFO] PluginManager:220 - loadIPPluginJar : add i2c
2025-11-03 15:43:46,286 [INFO] IPUIPlugin:80 - create IPUIPlugin
2025-11-03 15:43:46,286 [INFO] PluginManager:220 - loadIPPluginJar : add aes
2025-11-03 15:43:46,290 [INFO] IPUIPlugin:80 - create IPUIPlugin
2025-11-03 15:43:46,290 [INFO] PluginManager:220 - loadIPPluginJar : add touchsensing
2025-11-03 15:43:46,293 [INFO] IPUIPlugin:80 - create IPUIPlugin
2025-11-03 15:43:46,293 [INFO] PluginManager:220 - loadIPPluginJar : add gfxmmu
2025-11-03 15:43:46,296 [INFO] IPUIPlugin:80 - create IPUIPlugin
2025-11-03 15:43:46,296 [INFO] PluginManager:220 - loadIPPluginJar : add lorawan
2025-11-03 15:43:46,298 [INFO] IPUIPlugin:80 - create IPUIPlugin
2025-11-03 15:43:46,298 [INFO] PluginManager:220 - loadIPPluginJar : add genericplugin
2025-11-03 15:43:46,308 [INFO] IPUIPlugin:80 - create IPUIPlugin
2025-11-03 15:43:46,308 [INFO] PluginManager:220 - loadIPPluginJar : add quadspi
2025-11-03 15:43:46,312 [INFO] IPUIPlugin:80 - create IPUIPlugin
2025-11-03 15:43:46,313 [INFO] PluginManager:220 - loadIPPluginJar : add cryp
2025-11-03 15:43:46,316 [INFO] IPUIPlugin:80 - create IPUIPlugin
2025-11-03 15:43:46,316 [INFO] PluginManager:220 - loadIPPluginJar : add i2s
2025-11-03 15:43:46,322 [INFO] IPUIPlugin:80 - create IPUIPlugin
2025-11-03 15:43:46,323 [INFO] PluginManager:220 - loadIPPluginJar : add gic
2025-11-03 15:43:46,354 [INFO] IPUIPlugin:80 - create IPUIPlugin
2025-11-03 15:43:46,354 [INFO] PluginManager:220 - loadIPPluginJar : add mdma
2025-11-03 15:43:46,362 [INFO] IPUIPlugin:80 - create IPUIPlugin
2025-11-03 15:43:46,362 [INFO] PluginManager:220 - loadIPPluginJar : add usbx
2025-11-03 15:43:46,367 [INFO] IPUIPlugin:80 - create IPUIPlugin
2025-11-03 15:43:46,367 [INFO] PluginManager:220 - loadIPPluginJar : add gtzc
2025-11-03 15:43:46,370 [INFO] IPUIPlugin:80 - create IPUIPlugin
2025-11-03 15:43:46,370 [INFO] PluginManager:220 - loadIPPluginJar : add ucpd
2025-11-03 15:43:46,373 [INFO] IPUIPlugin:80 - create IPUIPlugin
2025-11-03 15:43:46,373 [INFO] PluginManager:220 - loadIPPluginJar : add i3c
2025-11-03 15:43:46,375 [INFO] IPUIPlugin:80 - create IPUIPlugin
2025-11-03 15:43:46,375 [INFO] PluginManager:220 - loadIPPluginJar : add fatfs
2025-11-03 15:43:46,377 [INFO] IPUIPlugin:80 - create IPUIPlugin
2025-11-03 15:43:46,377 [INFO] PluginManager:220 - loadIPPluginJar : add ltdc
2025-11-03 15:43:46,383 [INFO] IPUIPlugin:80 - create IPUIPlugin
2025-11-03 15:43:46,384 [INFO] PluginManager:220 - loadIPPluginJar : add stm32_wpan
2025-11-03 15:43:46,388 [INFO] IPUIPlugin:80 - create IPUIPlugin
2025-11-03 15:43:46,389 [INFO] PluginManager:220 - loadIPPluginJar : add ipddr
2025-11-03 15:43:46,407 [INFO] IPUIPlugin:80 - create IPUIPlugin
2025-11-03 15:43:46,407 [INFO] PluginManager:220 - loadIPPluginJar : add gpio
2025-11-03 15:43:46,413 [INFO] IPUIPlugin:80 - create IPUIPlugin
2025-11-03 15:43:46,413 [INFO] PluginManager:220 - loadIPPluginJar : add adc
2025-11-03 15:43:46,415 [INFO] IPUIPlugin:80 - create IPUIPlugin
2025-11-03 15:43:46,415 [INFO] PluginManager:220 - loadIPPluginJar : add spi
2025-11-03 15:43:46,417 [INFO] IPUIPlugin:80 - create IPUIPlugin
2025-11-03 15:43:46,417 [INFO] PluginManager:220 - loadIPPluginJar : add comp
2025-11-03 15:43:46,423 [INFO] IPUIPlugin:80 - create IPUIPlugin
2025-11-03 15:43:46,423 [INFO] PluginManager:220 - loadIPPluginJar : add dma
2025-11-03 15:43:46,425 [INFO] IPUIPlugin:80 - create IPUIPlugin
2025-11-03 15:43:46,425 [INFO] PluginManager:220 - loadIPPluginJar : add radio
2025-11-03 15:43:46,428 [INFO] IPUIPlugin:80 - create IPUIPlugin
2025-11-03 15:43:46,428 [INFO] PluginManager:220 - loadIPPluginJar : add dfsdm
2025-11-03 15:43:46,431 [INFO] IPUIPlugin:80 - create IPUIPlugin
2025-11-03 15:43:46,431 [INFO] PluginManager:220 - loadIPPluginJar : add extmemmanager
2025-11-03 15:43:46,433 [INFO] IPUIPlugin:80 - create IPUIPlugin
2025-11-03 15:43:46,433 [INFO] PluginManager:220 - loadIPPluginJar : add dma3
2025-11-03 15:43:46,435 [INFO] IPUIPlugin:80 - create IPUIPlugin
2025-11-03 15:43:46,435 [INFO] PluginManager:220 - loadIPPluginJar : add ts
2025-11-03 15:43:46,438 [INFO] IPUIPlugin:80 - create IPUIPlugin
2025-11-03 15:43:46,438 [INFO] PluginManager:220 - loadIPPluginJar : add tracer_emb
2025-11-03 15:43:46,442 [INFO] IPUIPlugin:80 - create IPUIPlugin
2025-11-03 15:43:46,442 [INFO] PluginManager:220 - loadIPPluginJar : add fmc
2025-11-03 15:43:46,640 [FATAL] Updater:351 - Updater called before beeing initialized
2025-11-03 15:43:46,739 [INFO] RulesReader:64 - Compatibility file has been processed (317 Rules)
2025-11-03 15:43:46,750 [INFO] RulesReader:64 - Compatibility file has been processed (317 Rules)
2025-11-03 15:43:46,757 [INFO] CADModel:165 - CPN selected for project level
2025-11-03 15:43:46,757 [INFO] CADModel:114 - Register for checkConnection events
2025-11-03 15:43:46,757 [FATAL] Updater:351 - Updater called before beeing initialized
2025-11-03 15:43:46,757 [ERROR] CADModel:125 - Updater not yet initialized, retry later 
2025-11-03 15:43:47,219 [FATAL] Updater:351 - Updater called before beeing initialized
2025-11-03 15:43:47,246 [INFO] CADModel:165 - CPN selected for project level
2025-11-03 15:43:47,247 [INFO] CADModel:114 - Register for checkConnection events
2025-11-03 15:43:47,247 [FATAL] Updater:351 - Updater called before beeing initialized
2025-11-03 15:43:47,247 [ERROR] CADModel:125 - Updater not yet initialized, retry later 
2025-11-03 15:43:47,251 [FATAL] Updater:351 - Updater called before beeing initialized
2025-11-03 15:43:47,349 [FATAL] Updater:351 - Updater called before beeing initialized
2025-11-03 15:43:47,381 [INFO] DbMcusAds:53 - JSON generation date=Thu Oct 02 11:36:05 CEST 2025 (1759397765645)
2025-11-03 15:43:47,381 [FATAL] Updater:351 - Updater called before beeing initialized
2025-11-03 15:43:47,455 [INFO] ThirdPartyUpdaterWithRetryManager:70 - Updater plugin not ready yet. [2/15]
2025-11-03 15:43:47,555 [WARN] DetailPanel:346 - Failed to get advertising image, set to default
2025-11-03 15:43:47,655 [FATAL] Updater:351 - Updater called before beeing initialized
2025-11-03 15:43:47,673 [FATAL] Updater:351 - Updater called before beeing initialized
2025-11-03 15:43:47,673 [FATAL] Updater:351 - Updater called before beeing initialized
2025-11-03 15:43:47,673 [WARN] DetailPanel:346 - Failed to get advertising image, set to default
2025-11-03 15:43:47,674 [FATAL] Updater:351 - Updater called before beeing initialized
2025-11-03 15:43:47,755 [ERROR] Updater:1198 - MainUpdater not yet initialized. External WinMGr cannot be set.
2025-11-03 15:43:47,762 [INFO] Updater:1134 - Updater Version found : 6.15.0
2025-11-03 15:43:47,829 [INFO] ApplicationProperties:184 - Using Application install path: /opt/st/stm32cubeide_1.19.0/plugins/com.st.stm32cube.common.mx_6.15.0.202507011659
2025-11-03 15:43:48,381 [INFO] MainUpdater:2872 - connection check result : 22
2025-11-03 15:43:48,381 [INFO] MainUpdater:289 - Updater Check For Update Now.
2025-11-03 15:43:48,382 [INFO] MicroXplorer:498 - Change Database Version : DB.6.0.150
2025-11-03 15:43:48,431 [INFO] McuFinderGlobals:63 - Set McuFinder mode to 2 (CubeIDE integrated)
2025-11-03 15:43:48,431 [INFO] UserAuth:171 - activating auth plugin
2025-11-03 15:43:48,461 [INFO] UserAuth:487 - Internet connection configuration mode: 2
2025-11-03 15:43:48,469 [INFO] UserAuth:487 - Internet connection configuration mode: 2
2025-11-03 15:43:48,716 [INFO] CheckServerUpdateThread:120 - End of CheckServer Thread
2025-11-03 15:43:50,962 [WARN] PackLoader:240 - Cannot read IP mode file for STMicroelectronics.FP-SNS-MOTENVWB1.1.4.0
2025-11-03 15:43:50,976 [WARN] PackLoader:240 - Cannot read IP mode file for STMicroelectronics.FP-ATR-ASTRA1.2.0.2
2025-11-03 15:43:51,002 [WARN] PackLoader:240 - Cannot read IP mode file for STMicroelectronics.X-CUBE-SMBUS.2.1.0
2025-11-03 15:43:51,020 [WARN] PackLoader:240 - Cannot read IP mode file for STMicroelectronics.X-CUBE-ST60.1.0.0
2025-11-03 15:43:51,065 [WARN] PackLoader:240 - Cannot read IP mode file for STMicroelectronics.X-CUBE-AZRTOS-F7.1.1.0
2025-11-03 15:43:51,092 [WARN] PackLoader:240 - Cannot read IP mode file for WES.I-CUBE-Cesium.1.4.0
2025-11-03 15:43:51,141 [WARN] PackLoader:240 - Cannot read IP mode file for Infineon.AIROC-Wi-Fi-Bluetooth-STM32.1.7.1
2025-11-03 15:43:51,180 [WARN] PackLoader:240 - Cannot read IP mode file for STMicroelectronics.X-CUBE-AZRTOS-H7.3.4.0
2025-11-03 15:43:51,207 [WARN] PackLoader:240 - Cannot read IP mode file for STMicroelectronics.X-CUBE-DISPLAY.3.0.0
2025-11-03 15:43:51,242 [WARN] PackLoader:240 - Cannot read IP mode file for STMicroelectronics.X-CUBE-NFC10.1.0.0
2025-11-03 15:43:51,262 [WARN] PackLoader:240 - Cannot read IP mode file for STMicroelectronics.X-CUBE-ST60.1.1.0
2025-11-03 15:43:51,282 [WARN] PackLoader:240 - Cannot read IP mode file for emotas.I-CUBE-CANOPEN.1.3.0
2025-11-03 15:43:51,310 [WARN] PackLoader:240 - Cannot read IP mode file for STMicroelectronics.FP-SNS-STBOX1.2.1.0
2025-11-03 15:43:51,326 [WARN] PackLoader:240 - Cannot read IP mode file for STMicroelectronics.FP-SNS-SMARTAG2.1.2.0
2025-11-03 15:43:51,338 [WARN] PackLoader:240 - Cannot read IP mode file for STMicroelectronics.FP-SNS-FLIGHT1.5.1.0
2025-11-03 15:43:51,367 [INFO] LogOutputStream:77 - [STDOUT_REDIRECT] 1 : Invalid condition id : UX_CORESTACK_Condition cause : null
2025-11-03 15:43:51,367 [INFO] LogOutputStream:77 - [STDOUT_REDIRECT] 1 : Invalid condition id : UX_CORESTACK_Condition cause : null
2025-11-03 15:43:51,367 [INFO] LogOutputStream:77 - [STDOUT_REDIRECT] 1 : Invalid condition id : UX_CORESTACK_Condition cause : null
2025-11-03 15:43:51,368 [INFO] LogOutputStream:77 - [STDOUT_REDIRECT] 1 : Invalid condition id : UX_CORESTACK_Condition cause : null
2025-11-03 15:43:51,368 [INFO] LogOutputStream:77 - [STDOUT_REDIRECT] 1 : Invalid condition id : UX_CORESTACK_Condition cause : null
2025-11-03 15:43:51,371 [WARN] PackLoader:240 - Cannot read IP mode file for STMicroelectronics.X-CUBE-AZRTOS-WL.2.0.0
2025-11-03 15:43:51,416 [WARN] PackLoader:240 - Cannot read IP mode file for STMicroelectronics.FP-SNS-MOTENV1.5.0.0
2025-11-03 15:43:51,450 [WARN] PackLoader:240 - Cannot read IP mode file for STMicroelectronics.X-CUBE-BLE2.3.3.0
2025-11-03 15:43:51,465 [WARN] PackLoader:240 - Cannot read IP mode file for STMicroelectronics.X-CUBE-NFC9.1.0.0
2025-11-03 15:43:51,474 [WARN] PackLoader:240 - Cannot read IP mode file for wolfSSL.I-CUBE-wolfSSL.5.8.2
2025-11-03 15:43:51,498 [WARN] PackLoader:240 - Cannot read IP mode file for STMicroelectronics.X-CUBE-BLE1.7.1.0
2025-11-03 15:43:51,517 [WARN] PackLoader:240 - Cannot read IP mode file for wolfSSL.I-CUBE-wolfMQTT.1.19.2
2025-11-03 15:43:51,539 [WARN] PackLoader:240 - Cannot read IP mode file for STMicroelectronics.X-CUBE-EEPRMA1.5.2.0
2025-11-03 15:43:51,566 [WARN] PackLoader:240 - Cannot read IP mode file for STMicroelectronics.X-CUBE-ST67W61.1.1.0
2025-11-03 15:43:51,593 [WARN] PackLoader:240 - Cannot read IP mode file for STMicroelectronics.X-CUBE-AZRTOS-G0.1.1.0
2025-11-03 15:43:51,622 [WARN] PackLoader:240 - Cannot read IP mode file for STMicroelectronics.X-CUBE-SAFEA1.1.2.2
2025-11-03 15:43:51,635 [WARN] PackLoader:240 - Cannot read IP mode file for STMicroelectronics.X-CUBE-NFC4.3.0.0
2025-11-03 15:43:51,648 [WARN] PackLoader:240 - Cannot read IP mode file for EmbeddedOffice.I-CUBE-FS-RTOS.1.0.1
2025-11-03 15:43:51,656 [WARN] PackLoader:240 - Cannot read IP mode file for STMicroelectronics.X-CUBE-WB05N.2.0.0
2025-11-03 15:43:51,661 [WARN] PackLoader:240 - Cannot read IP mode file for wolfSSL.I-CUBE-wolfTPM.3.8.0
2025-11-03 15:43:51,665 [WARN] PackLoader:240 - Cannot read IP mode file for STMicroelectronics.X-CUBE-TCPP.4.2.0
2025-11-03 15:43:51,683 [WARN] PackLoader:240 - Cannot read IP mode file for RealThread.X-CUBE-RT-Thread_Nano.4.1.1
2025-11-03 15:43:51,700 [WARN] PackLoader:240 - Cannot read IP mode file for STMicroelectronics.FP-ATR-SIGFOX1.3.2.0
2025-11-03 15:43:51,717 [WARN] PackLoader:240 - Cannot read IP mode file for ITTIA_DB.I-CUBE-ITTIADB.8.9.0
2025-11-03 15:43:51,722 [WARN] PackLoader:240 - Cannot read IP mode file for STMicroelectronics.X-CUBE-ST67W61.1.0.0
2025-11-03 15:43:51,736 [WARN] PackLoader:240 - Cannot read IP mode file for STMicroelectronics.X-CUBE-AI.10.2.0
2025-11-03 15:43:51,805 [WARN] PackLoader:240 - Cannot read IP mode file for SEGGER.I-CUBE-embOS.1.3.1
2025-11-03 15:43:51,867 [WARN] PackLoader:240 - Cannot read IP mode file for STMicroelectronics.X-CUBE-ALGOBUILD.1.4.0
2025-11-03 15:43:51,924 [WARN] PackLoader:240 - Cannot read IP mode file for STMicroelectronics.X-CUBE-MEMS1.11.3.0
2025-11-03 15:43:52,151 [WARN] PackLoader:240 - Cannot read IP mode file for STMicroelectronics.X-CUBE-PM33A1.1.0.0
2025-11-03 15:43:52,198 [WARN] PackLoader:240 - Cannot read IP mode file for STMicroelectronics.X-CUBE-AZRTOS-F4.1.1.0
2025-11-03 15:43:52,207 [WARN] PackLoader:240 - Cannot read IP mode file for Avnet-IotConnect.X-CUBE-IoTC-DA16k-PMOD.1.0.0
2025-11-03 15:43:52,222 [WARN] PackLoader:240 - Cannot read IP mode file for STMicroelectronics.X-CUBE-ISPU.2.1.0
2025-11-03 15:43:52,256 [WARN] PackLoader:240 - Cannot read IP mode file for STMicroelectronics.X-CUBE-IPS.3.2.0
2025-11-03 15:43:52,279 [WARN] PackLoader:240 - Cannot read IP mode file for STMicroelectronics.X-CUBE-NFC12.1.0.0
2025-11-03 15:43:52,316 [WARN] PackLoader:240 - Cannot read IP mode file for STMicroelectronics.X-CUBE-AZRTOS-L5.2.0.0
2025-11-03 15:43:52,342 [WARN] PackLoader:240 - Cannot read IP mode file for STMicroelectronics.X-CUBE-NFC6.3.1.0
2025-11-03 15:43:52,353 [WARN] PackLoader:240 - Cannot read IP mode file for STMicroelectronics.X-CUBE-FREERTOS.1.3.1
2025-11-03 15:43:52,370 [WARN] PackLoader:240 - Cannot read IP mode file for STMicroelectronics.X-CUBE-TOUCHGFX.4.26.0
2025-11-03 15:43:52,391 [WARN] PackLoader:240 - Cannot read IP mode file for STMicroelectronics.FP-SNS-STAIOTCFT.1.0.0
2025-11-03 15:43:52,407 [WARN] PackLoader:240 - Cannot read IP mode file for STMicroelectronics.X-CUBE-DPower.1.3.0
2025-11-03 15:43:52,434 [WARN] ConditionMgr:438 - getConditionDescription Invalid condition id : LAN8742 Phy interface Condition cause : null
2025-11-03 15:43:52,434 [WARN] PackLoader:240 - Cannot read IP mode file for STMicroelectronics.X-CUBE-AZRTOS-L4.2.0.0
2025-11-03 15:43:52,435 [WARN] ConditionMgr:1044 - genDependencies : Invalid condition id : LAN8742 Phy interface Condition cause : null
2025-11-03 15:43:52,435 [WARN] ConditionMgr:1044 - genDependencies : Invalid condition id : LAN8742 Phy interface Condition cause : null
2025-11-03 15:43:52,436 [WARN] ConditionMgr:1044 - genDependencies : Invalid condition id : LAN8742 Phy interface Condition cause : null
2025-11-03 15:43:52,441 [WARN] PackLoader:240 - Cannot read IP mode file for STMicroelectronics.X-CUBE-SFXS2LP1.4.0.0
2025-11-03 15:43:52,472 [WARN] PackLoader:240 - Cannot read IP mode file for STMicroelectronics.X-CUBE-BLEMGR.4.1.0
2025-11-03 15:43:52,510 [WARN] ConditionMgr:438 - getConditionDescription Invalid condition id : UX DEVICE CLASS RTOS Condition cause : null
2025-11-03 15:43:52,511 [WARN] ConditionMgr:438 - getConditionDescription Invalid condition id : UX DEVICE CLASS RTOS Condition cause : null
2025-11-03 15:43:52,513 [WARN] PackLoader:240 - Cannot read IP mode file for STMicroelectronics.X-CUBE-AZRTOS-WB.2.0.0
2025-11-03 15:43:52,514 [WARN] ConditionMgr:1044 - genDependencies : Invalid condition id : UX DEVICE CLASS RTOS Condition cause : null
2025-11-03 15:43:52,514 [WARN] ConditionMgr:1044 - genDependencies : Invalid condition id : UX DEVICE CLASS RTOS Condition cause : null
2025-11-03 15:43:52,515 [WARN] ConditionMgr:1044 - genDependencies : Invalid condition id : UX DEVICE CLASS RTOS Condition cause : null
2025-11-03 15:43:52,515 [WARN] ConditionMgr:1044 - genDependencies : Invalid condition id : UX DEVICE CLASS RTOS Condition cause : null
2025-11-03 15:43:52,515 [WARN] ConditionMgr:1044 - genDependencies : Invalid condition id : UX DEVICE CLASS RTOS Condition cause : null
2025-11-03 15:43:52,533 [WARN] PackLoader:240 - Cannot read IP mode file for STMicroelectronics.X-CUBE-GNSS1.7.0.1
2025-11-03 15:43:52,537 [WARN] PackLoader:240 - Cannot read IP mode file for STMicroelectronics.X-CUBE-TOUCHGFX.4.25.0
2025-11-03 15:43:52,540 [WARN] ConditionMgr:438 - getConditionDescription Invalid condition id : Cortex-A Device cause : null
2025-11-03 15:43:52,569 [WARN] ConditionMgr:1044 - genDependencies : Invalid condition id : Cortex-A Device cause : null
2025-11-03 15:43:52,570 [WARN] ConditionMgr:1044 - genDependencies : Invalid condition id : Cortex-A Device cause : null
2025-11-03 15:43:52,570 [WARN] ConditionMgr:1044 - genDependencies : Invalid condition id : Cortex-A Device cause : null
2025-11-03 15:43:52,591 [WARN] PackLoader:240 - Cannot read IP mode file for STMicroelectronics.X-CUBE-SUBG2.5.0.0
2025-11-03 15:43:52,624 [WARN] PackLoader:240 - Cannot read IP mode file for STMicroelectronics.X-CUBE-AZRTOS-H7RS.1.1.0
2025-11-03 15:43:52,650 [WARN] PackLoader:240 - Cannot read IP mode file for Cesanta.I-CUBE-Mongoose.7.13.0
2025-11-03 15:43:52,682 [WARN] PackLoader:240 - Cannot read IP mode file for STMicroelectronics.X-CUBE-AZRTOS-G4.2.0.0
2025-11-03 15:43:52,694 [WARN] PackLoader:240 - Cannot read IP mode file for wolfSSL.I-CUBE-wolfSSH.1.4.20
2025-11-03 15:43:52,716 [WARN] PackLoader:240 - Cannot read IP mode file for STMicroelectronics.X-CUBE-NFC7.2.0.0
2025-11-03 15:43:52,743 [WARN] PackLoader:240 - Cannot read IP mode file for STMicroelectronics.X-CUBE-IPS.3.1.0
2025-11-03 15:43:52,770 [WARN] PackLoader:240 - Cannot read IP mode file for STMicroelectronics.X-CUBE-ALS.1.0.2
2025-11-03 15:43:52,789 [WARN] PackLoader:240 - Cannot read IP mode file for STMicroelectronics.X-CUBE-STSE01.1.0.0
2025-11-03 15:43:52,823 [WARN] PackLoader:240 - Cannot read IP mode file for STMicroelectronics.X-CUBE-TOF1.3.4.3
2025-11-03 15:43:52,836 [INFO] ThirdParty:978 - Integrity check success = true
2025-11-03 15:43:52,836 [INFO] IntegrityCheckThread:100 - exiting critical section [integrity check]
2025-11-03 15:43:52,836 [INFO] IntegrityCheckThread:103 - End integrity checks thread
2025-11-03 16:06:25,089 [INFO] McuFinderGlobals:63 - Set McuFinder mode to 2 (CubeIDE integrated)
2025-11-03 16:06:26,901 [INFO] MainUpdater:2872 - connection check result : 10
2025-11-03 16:06:26,924 [INFO] McuFinderGlobals:76 - Set McuFinderConnectedMode to true
2025-11-03 16:06:29,047 [INFO] ServerAccessManage:452 - Complete download http(s) 200
2025-11-03 16:06:29,052 [INFO] ServerAccessManage:509 - Download File mcusAds.json._tmp_
2025-11-03 16:06:29,162 [INFO] LoadUrlFilesThread:156 - End of LoadUrlFiles Thread
2025-11-03 16:06:30,677 [INFO] ServerAccessManage:452 - Complete download http(s) 200
2025-11-03 16:06:30,678 [INFO] ServerAccessManage:509 - Download File cube-finder-db.zip
2025-11-03 16:09:12,329 [INFO] FileExtend:248 - Unzip File : cube-finder-db.zip
2025-11-03 16:09:12,329 [INFO] FileExtend:263 - Standard Zip Deflate
2025-11-03 16:09:15,764 [INFO] LoadUrlFilesThread:156 - End of LoadUrlFiles Thread
2025-11-03 16:09:17,853 [INFO] ServerAccessManage:452 - Complete download http(s) 200
2025-11-03 16:09:17,855 [INFO] ServerAccessManage:509 - Download File crdb.zip
2025-11-03 16:09:21,044 [INFO] FileExtend:248 - Unzip File : crdb.zip
2025-11-03 16:09:21,044 [INFO] FileExtend:263 - Standard Zip Deflate
2025-11-03 16:09:21,172 [INFO] LoadUrlFilesThread:156 - End of LoadUrlFiles Thread
2025-11-03 16:09:22,303 [INFO] ServerAccessManage:452 - Complete download http(s) 200
2025-11-03 16:09:22,304 [INFO] ServerAccessManage:509 - Download File tutoVideoDB.zip
2025-11-03 16:09:22,882 [INFO] FileExtend:248 - Unzip File : tutoVideoDB.zip
2025-11-03 16:09:22,883 [INFO] FileExtend:263 - Standard Zip Deflate
2025-11-03 16:09:22,991 [INFO] LoadUrlFilesThread:156 - End of LoadUrlFiles Thread
2025-11-03 16:09:23,015 [WARN] DbFile:41 - Overriding database path with different value: /home/pinkyflowy/.stmcufinder/plugins/mcufinder/ => /home/pinkyflowy/.stmcufinder/plugins/mcufinder
2025-11-03 16:09:23,395 [INFO] ServerAccessManage:452 - Complete download http(s) 200
2025-11-03 16:09:23,396 [INFO] ServerAccessManage:509 - Download File api_config.json
2025-11-03 16:09:23,499 [INFO] LoadUrlFilesThread:156 - End of LoadUrlFiles Thread
2025-11-03 16:09:23,504 [INFO] DbMcusAds:53 - JSON generation date=Thu Oct 02 11:36:05 CEST 2025 (1759397765645)
2025-11-03 16:09:23,538 [INFO] LoadUrlFilesThread:185 - End of LoadServerUrlFiles without Thread
2025-11-03 16:09:23,539 [INFO] TargetSelectorAdapter:259 - Refresh data is successful
2025-11-03 16:09:23,784 [INFO] ApiDb:581 - Connected to CubeFinder SQLite database (/home/pinkyflowy/.stmcufinder/plugins/mcufinder/mcu/cube-finder-db.db)
2025-11-03 16:09:23,866 [INFO] ApiDb:668 - CubeFinder database Data Model version=2.1
2025-11-03 16:09:23,867 [INFO] ApiDb:669 - CubeFinder database Configuration version=3.0.39
2025-11-03 16:09:23,868 [INFO] ApiDb:670 - CubeFinder database generation date=2025-10-27 (1761571959)
2025-11-03 16:09:23,868 [INFO] ApiDb:671 - CubeFinder database FW Pack versions=[FP-ATR-ASTRA1_V2.0.0, FP-SNS-FLIGHT1_V5.1.0, FP-SNS-MOTENV1_V5.0.0, FP-SNS-MOTENVWB1_V1.4.0, FP-SNS-SMARTAG2_V1.2.0, FP-SNS-STBOX1_V2.1.0, STM32Cube_FW_C0_V1.4.0, STM32Cube_FW_F4_V1.28.3, STM32Cube_FW_F7_V1.17.4, STM32Cube_FW_G0_V1.6.2, STM32Cube_FW_G4_V1.6.1, STM32Cube_FW_H5_V1.5.0, STM32Cube_FW_H7RS_V1.2.0, STM32Cube_FW_H7_V1.12.1, STM32Cube_FW_L0_V1.12.2, STM32Cube_FW_L4_V1.18.1, STM32Cube_FW_L5_V1.5.1, STM32Cube_FW_N6_V1.2.0, STM32Cube_FW_U0_V1.3.0, STM32Cube_FW_U3_V1.2.1, STM32Cube_FW_U5_V1.8.0, STM32Cube_FW_WB0_V1.3.0, STM32Cube_FW_WBA_V1.7.0, STM32Cube_FW_WB_V1.23.0, STM32Cube_FW_WL3_V1.2.0, STM32Cube_FW_WL_V1.3.1, X-CUBE-ALGOBUILD_V1.4.0, X-CUBE-ALS_V1.0.2, X-CUBE-AZRTOS-F4_V1.1.0, X-CUBE-AZRTOS-F7_V1.1.0, X-CUBE-AZRTOS-G0_V1.1.0, X-CUBE-AZRTOS-G4_V2.0.0, X-CUBE-AZRTOS-H7RS_V1.1.0, X-CUBE-AZRTOS-H7_V3.4.0, X-CUBE-AZRTOS-L4_V2.0.0, X-CUBE-AZRTOS-L5_V2.0.0, X-CUBE-AZRTOS-WB_V2.0.0, X-CUBE-AZRTOS-WL_V2.0.0, X-CUBE-BLE1_V7.1.0, X-CUBE-BLE2_V3.3.0, X-CUBE-BLEMGR_V4.1.0, X-CUBE-EEPRMA1_V5.2.0, X-CUBE-FREERTOS_V1.3.1, X-CUBE-GNSS1_V6.0.0, X-CUBE-MEMS1_V11.3.0, X-CUBE-NFC4_V3.0.0, X-CUBE-NFC7_V2.0.0, X-CUBE-SFXS2LP1_V4.0.0, X-CUBE-ST67W61_V1.1.0, X-CUBE-SUBG2_V5.0.0, X-CUBE-TOF1_V3.4.3]
2025-11-03 16:09:27,420 [INFO] ApiDb:240 - Found 880 in-development CPN: [B-G473E-ZEST1S, B-WB1M-WPAN1, B-WBA5M-WPAN, B-WL5M-SUBG1, NUCLEO-C031C6, NUCLEO-C051C8, NUCLEO-C071RB, NUCLEO-C092RC, NUCLEO-H503RB, NUCLEO-H533RE, NUCLEO-H563ZI, NUCLEO-H7S3L8, NUCLEO-N657X0-Q, NUCLEO-U031R8, NUCLEO-U083RC, NUCLEO-U385RG-Q, NUCLEO-U545RE-Q, NUCLEO-U5A5ZJ-Q, NUCLEO-WB05KZ, NUCLEO-WB07CC, NUCLEO-WB09KE, NUCLEO-WBA52CG, NUCLEO-WBA55CG, NUCLEO-WL33CC1, NUCLEO-WL33CC2, STEVAL-PROTEUS1, STEVAL-SMARTAG2, STEVAL-STWINBX1, STM320518-EVAL, STM32C0116-DK, STM32C011D6Y3TR, STM32C011D6Y6TR, STM32C011F4P3, STM32C011F4P6, STM32C011F4U3, STM32C011F4U6TR, STM32C011F6P3, STM32C011F6P6, STM32C011F6U3, STM32C011F6U6TR, STM32C011J4M3, STM32C011J4M6, STM32C011J6M3, STM32C011J6M6, STM32C0316-DK, STM32C031C4T3, STM32C031C4T6, STM32C031C4U3, STM32C031C4U6, STM32C031C6T3, STM32C031C6T6, STM32C031C6U3, STM32C031C6U6, STM32C031F4P3, STM32C031F4P6, STM32C031F6P3, STM32C031F6P6, STM32C031G4U3, STM32C031G4U6, STM32C031G6U3, STM32C031G6U6, STM32C031K4T3, STM32C031K4T6, STM32C031K4U3, STM32C031K4U6, STM32C031K6T3, STM32C031K6T6, STM32C031K6U3, STM32C031K6U6, STM32C051C6T6, STM32C051C6U6, STM32C051C8T6, STM32C051C8U6, STM32C051D8Y6TR, STM32C051F6P6, STM32C051F8P6, STM32C051G6U6, STM32C051G8U6, STM32C051K6T6, STM32C051K6U6, STM32C051K8T6, STM32C071C8T6, STM32C071C8T6N, STM32C071C8U6, STM32C071C8U6N, STM32C071CBT6, STM32C071CBT6N, STM32C071CBU6, STM32C071CBU6N, STM32C071F8P6, STM32C071F8P6N, STM32C071FBP6, STM32C071FBP6N, STM32C071FBY6TR, STM32C071G8U6, STM32C071G8U6N, STM32C071GBU6, STM32C071GBU6N, STM32C071K8T6, STM32C071K8T6N, STM32C071K8U6, STM32C071K8U6N, STM32C071KBT6, STM32C071KBT6N, STM32C071KBU6, STM32C071KBU6N, STM32C071R8T6, STM32C071R8T6N, STM32C071RBI6N, STM32C071RBT6, STM32C071RBT6N, STM32C091CBT6, STM32C091CBU6, STM32C091CCT6, STM32C091CCU6, STM32C091ECY6TR, STM32C091FBP6, STM32C091FCP6, STM32C091GBU6, STM32C091GCU6, STM32C091KBT6, STM32C091KBU6, STM32C091KCT6, STM32C091KCU6, STM32C091RBT6, STM32C091RCI6, STM32C091RCT6, STM32C092CBT6, STM32C092CBU6, STM32C092CCT6, STM32C092CCU6, STM32C092ECY6TR, STM32C092FBP6, STM32C092FCP6, STM32C092GBU6, STM32C092GCU6, STM32C092KBT6, STM32C092KBU6, STM32C092KCT6, STM32C092KCU6, STM32C092RBT6, STM32C092RCI6, STM32C092RCT6, STM32G071K8TXN, STM32G071K8UXN, STM32G081GBU6N, STM32G081KBT6N, STM32G081KBUXN, STM32G0B1CCT6N, STM32G0B1KCT6, STM32G0B1NEY6TR, STM32G0B1RCT6N, STM32G0C1CCT6, STM32G0C1CCT6N, STM32G0C1CCU6N, STM32G0C1CET6N, STM32G0C1CEU6N, STM32G0C1KCT6, STM32G0C1NEY6TR, STM32G0C1RCI6N, STM32G0C1RCT6N, STM32G0C1REI6N, STM32G0C1RET6N, STM32G0C1VCI6, STM32G0C1VEI6, STM32G411C6T3, STM32G411C6T6, STM32G411C6U3, STM32G411C6U6, STM32G411C8T3, STM32G411C8T6, STM32G411C8U3, STM32G411C8U6, STM32G411CBT3, STM32G411CBT6, STM32G411CBU3, STM32G411CBU6, STM32G411K6T3, STM32G411K6T6, STM32G411K6U3, STM32G411K6U6, STM32G411K8T3, STM32G411K8T6, STM32G411K8U3, STM32G411K8U6, STM32G411KBT3, STM32G411KBT6, STM32G411KBU3, STM32G411KBU6, STM32G411M6T3, STM32G411M6T6, STM32G411M8T3, STM32G411M8T6, STM32G411MBT3, STM32G411MBT6, STM32G411R6T3, STM32G411R6T6, STM32G411R8T3, STM32G411R8T6, STM32G411RBT3, STM32G411RBT6, STM32G414CBT3, STM32G414CBT6, STM32G414CBU3, STM32G414CBU6, STM32G414CCT3, STM32G414CCT6, STM32G414CCU3, STM32G414CCU6, STM32G414MBT3, STM32G414MBT6, STM32G414MCT3, STM32G414MCT6, STM32G414RBT3, STM32G414RBT6, STM32G414RCT3, STM32G414RCT6, STM32G414VBT3, STM32G414VBT6, STM32G414VCT3, STM32G414VCT6, STM32G431CBT3Z, STM32G431RBT3Z, STM32G471CCT6, STM32G471CCU6, STM32G471CET3, STM32G471CET6, STM32G471CEU3, STM32G471CEU6, STM32G471MCT6, STM32G471MET3, STM32G471MET6, STM32G471MEY6TR, STM32G471QCT6, STM32G471QET3, STM32G471RCT6, STM32G471RET3, STM32G471RET6, STM32G471VCH6, STM32G471VCI6, STM32G471VCT6, STM32G471VEH3, STM32G471VEH6, STM32G471VEI3, STM32G471VEI6, STM32G471VET3, STM32G471VET6, STM32G473QET3Z, STM32G473RET3Z, STM32G474CCT6, STM32G491RET3Z, STM32H503CBT6, STM32H503CBU6, STM32H503EBY6TR, STM32H503KBU6, STM32H503RBT6, STM32H523CCT6, STM32H523CCU6, STM32H523CET6, STM32H523CEU6, STM32H523HEY6TR, STM32H523RCT6, STM32H523RET6, STM32H523VCI6, STM32H523VCT6, STM32H523VEI6, STM32H523VET6, STM32H523ZCJ6, STM32H523ZCT6, STM32H523ZEJ6, STM32H523ZET6, STM32H533CET6, STM32H533CEU6, STM32H533HEY6TR, STM32H533RET6, STM32H533VEI6, STM32H533VET6, STM32H533ZEJ6, STM32H533ZET6, STM32H562AGI6, STM32H562AII6, STM32H562IGK6, STM32H562IGT6, STM32H562IIK6, STM32H562IIT6, STM32H562RGT6, STM32H562RGV6, STM32H562RIT6, STM32H562RIV6, STM32H562VGT6, STM32H562VIT6, STM32H562ZGT6, STM32H562ZIT6, STM32H563AGI6, STM32H563AII3Q, STM32H563AII6, STM32H563IGK6, STM32H563IGT6, STM32H563IIK3Q, STM32H563IIK6, STM32H563IIT3Q, STM32H563IIT6, STM32H563MIY3QTR, STM32H563RGT6, STM32H563RGV6, STM32H563RIT6, STM32H563RIV6, STM32H563VGT6, STM32H563VIT3Q, STM32H563VIT6, STM32H563ZGT6, STM32H563ZIT3Q, STM32H563ZIT6, STM32H573AII3Q, STM32H573AII6, STM32H573I-DK, STM32H573IIK3Q, STM32H573IIK6, STM32H573IIT3Q, STM32H573IIT6, STM32H573MIY3QTR, STM32H573RIT6, STM32H573RIV6, STM32H573VIT3Q, STM32H573VIT6, STM32H573ZIT3Q, STM32H573ZIT6, STM32H7R3A8I6, STM32H7R3I8K6, STM32H7R3I8T6, STM32H7R3L8H6, STM32H7R3L8H6H, STM32H7R3R8V6, STM32H7R3V8H6, STM32H7R3V8T6, STM32H7R3V8Y6TR, STM32H7R3Z8J6, STM32H7R3Z8T6, STM32H7R7A8I6, STM32H7R7I8K6, STM32H7R7I8T6, STM32H7R7L8H6, STM32H7R7L8H6H, STM32H7R7Z8J6, STM32H7S3A8I6, STM32H7S3I8K6, STM32H7S3I8T6, STM32H7S3L8H6, STM32H7S3L8H6H, STM32H7S3R8V6, STM32H7S3V8H6, STM32H7S3V8T6, STM32H7S3V8Y6TR, STM32H7S3Z8J6, STM32H7S3Z8T6, STM32H7S78-DK, STM32H7S7A8I6, STM32H7S7I8K6, STM32H7S7I8T6, STM32H7S7L8H6, STM32H7S7L8H6H, STM32H7S7Z8J6, STM32L4R5QGI6STR, STM32MP131AAE3, STM32MP131AAF3, STM32MP131AAG3, STM32MP131CAE3, STM32MP131CAF3, STM32MP131CAG3, STM32MP131DAE7, STM32MP131DAF7, STM32MP131DAG7, STM32MP131FAE7, STM32MP131FAF7, STM32MP131FAG7, STM32MP133AAE3, STM32MP133AAF3, STM32MP133AAG3, STM32MP133CAE3, STM32MP133CAF3, STM32MP133CAG3, STM32MP133DAE7, STM32MP133DAF7, STM32MP133DAG7, STM32MP133FAE7, STM32MP133FAF7, STM32MP133FAG7, STM32MP135AAE3, STM32MP135AAF3, STM32MP135AAG3, STM32MP135CAE3, STM32MP135CAF3, STM32MP135CAG3, STM32MP135DAE7, STM32MP135DAF7, STM32MP135DAG7, STM32MP135F-DK, STM32MP135FAE7, STM32MP135FAF7, STM32MP135FAF7T, STM32MP135FAF7U, STM32MP135FAG7, STM32MP211AAL3, STM32MP211AAM3, STM32MP211AAN3, STM32MP211AAO3, STM32MP211CAL3, STM32MP211CAM3, STM32MP211CAN3, STM32MP211CAO3, STM32MP211DAL3, STM32MP211DAM3, STM32MP211DAN3, STM32MP211DAO3, STM32MP211FAL3, STM32MP211FAM3, STM32MP211FAN3, STM32MP211FAO3, STM32MP213AAL3, STM32MP213AAM3, STM32MP213AAN3, STM32MP213AAO3, STM32MP213CAL3, STM32MP213CAM3, STM32MP213CAN3, STM32MP213CAO3, STM32MP213DAL3, STM32MP213DAM3, STM32MP213DAN3, STM32MP213DAO3, STM32MP213FAL3, STM32MP213FAM3, STM32MP213FAN3, STM32MP213FAO3, STM32MP215AAL3, STM32MP215AAM3, STM32MP215AAN3, STM32MP215AAO3, STM32MP215CAL3, STM32MP215CAM3, STM32MP215CAN3, STM32MP215CAO3, STM32MP215DAL3, STM32MP215DAM3, STM32MP215DAN3, STM32MP215DAO3, STM32MP215F-DK, STM32MP215FAL3, STM32MP215FAM3, STM32MP215FAN3, STM32MP215FAO3, STM32MP231AAJ3, STM32MP231AAK3, STM32MP231AAL3, STM32MP231CAJ3, STM32MP231CAK3, STM32MP231CAL3, STM32MP231DAJ3, STM32MP231DAK3, STM32MP231DAL3, STM32MP231FAJ3, STM32MP231FAK3, STM32MP231FAL3, STM32MP233AAJ3, STM32MP233AAK3, STM32MP233AAL3, STM32MP233CAJ3, STM32MP233CAK3, STM32MP233CAL3, STM32MP233DAJ3, STM32MP233DAK3, STM32MP233DAL3, STM32MP233FAJ3, STM32MP233FAK3, STM32MP233FAL3, STM32MP235AAJ3, STM32MP235AAK3, STM32MP235AAL3, STM32MP235CAJ3, STM32MP235CAK3, STM32MP235CAL3, STM32MP235DAJ3, STM32MP235DAK3, STM32MP235DAL3, STM32MP235FAJ3, STM32MP235FAK3, STM32MP235FAL3, STM32MP251AAI3, STM32MP251AAK3, STM32MP251AAL3, STM32MP251CAI3, STM32MP251CAK3, STM32MP251CAL3, STM32MP251DAI3, STM32MP251DAK3, STM32MP251DAL3, STM32MP251FAI3, STM32MP251FAK3, STM32MP251FAL3, STM32MP253AAI3, STM32MP253AAK3, STM32MP253AAL3, STM32MP253CAI3, STM32MP253CAK3, STM32MP253CAL3, STM32MP253DAI3, STM32MP253DAK3, STM32MP253DAL3, STM32MP253FAI3, STM32MP253FAK3, STM32MP253FAL3, STM32MP255AAI3, STM32MP255AAK3, STM32MP255AAL3, STM32MP255CAI3, STM32MP255CAK3, STM32MP255CAL3, STM32MP255DAI3, STM32MP255DAK3, STM32MP255DAL3, STM32MP255FAI3, STM32MP255FAK3, STM32MP255FAL3, STM32MP257AAI3, STM32MP257AAK3, STM32MP257AAL3, STM32MP257CAI3, STM32MP257CAK3, STM32MP257CAL3, STM32MP257DAI3, STM32MP257DAK3, STM32MP257DAL3, STM32MP257F-DK, STM32MP257F-EV1, STM32MP257FAI3, STM32MP257FAK3, STM32MP257FAL3, STM32N645A0H3Q, STM32N645B0H3Q, STM32N645I0H3Q, STM32N645L0H3Q, STM32N645X0H3Q, STM32N645Z0H3Q, STM32N647A0H3Q, STM32N647B0H3Q, STM32N647I0H3Q, STM32N647L0H3Q, STM32N647X0H3Q, STM32N647Z0H3Q, STM32N655A0H3Q, STM32N655B0H3Q, STM32N655I0H3Q, STM32N655L0H3Q, STM32N655X0H3Q, STM32N655Z0H3Q, STM32N6570-DK, STM32N657A0H3Q, STM32N657B0H3Q, STM32N657I0H3Q, STM32N657L0H3Q, STM32N657X0H3Q, STM32N657Z0H3Q, STM32U031C6T6, STM32U031C6U6, STM32U031C8T6, STM32U031C8U6, STM32U031F4P6, STM32U031F6P6, STM32U031F8P6, STM32U031G6Y6TR, STM32U031G8Y6TR, STM32U031K4U6, STM32U031K6U6, STM32U031K8U6, STM32U031R6I6, STM32U031R6T6, STM32U031R8I6, STM32U031R8T6, STM32U073C8T6, STM32U073C8U6, STM32U073CBT6, STM32U073CBU6, STM32U073CCT6, STM32U073CCU6, STM32U073H8Y6TR, STM32U073HBY6TR, STM32U073HCY6TR, STM32U073K8U6, STM32U073KBU6, STM32U073KCU6, STM32U073M8I6, STM32U073M8T6, STM32U073MBI6, STM32U073MBT6, STM32U073MCI6, STM32U073MCT6, STM32U073R8I6, STM32U073R8T6, STM32U073RBI6, STM32U073RBT6, STM32U073RCI6, STM32U073RCT6, STM32U083C-DK, STM32U083CCT6, STM32U083CCU6, STM32U083HCY6TR, STM32U083KCU6, STM32U083MCI6, STM32U083MCT6, STM32U083RCI6, STM32U083RCT6, STM32U375CET6, STM32U375CET6Q, STM32U375CEU6, STM32U375CEU6Q, STM32U375CEY6QTR, STM32U375CGT6, STM32U375CGT6Q, STM32U375CGU6, STM32U375CGU6Q, STM32U375CGY6QTR, STM32U375KEU6, STM32U375KGU6, STM32U375REI6, STM32U375REI6Q, STM32U375RET6, STM32U375RET6Q, STM32U375REY6GTR, STM32U375REY6QTR, STM32U375RGI6, STM32U375RGI6Q, STM32U375RGT6, STM32U375RGT6Q, STM32U375RGY6GTR, STM32U375RGY6QTR, STM32U375VEI6, STM32U375VEI6Q, STM32U375VET6, STM32U375VET6Q, STM32U375VGI6, STM32U375VGI6Q, STM32U375VGT6, STM32U375VGT6Q, STM32U385CGT6, STM32U385CGT6Q, STM32U385CGU6, STM32U385CGU6Q, STM32U385CGY6QTR, STM32U385KGU6, STM32U385RGI6, STM32U385RGI6Q, STM32U385RGT6, STM32U385RGT6Q, STM32U385RGY6GTR, STM32U385RGY6QTR, STM32U385VGI6, STM32U385VGI6Q, STM32U385VGT6, STM32U385VGT6Q, STM32U535CBT6, STM32U535CBT6Q, STM32U535CBU6, STM32U535CBU6Q, STM32U535CCT6, STM32U535CCT6Q, STM32U535CCU6, STM32U535CCU6Q, STM32U535CET6, STM32U535CET6Q, STM32U535CEU6, STM32U535CEU6Q, STM32U535JEY6QTR, STM32U535NCY6QTR, STM32U535NEY6QTR, STM32U535RBI6, STM32U535RBI6Q, STM32U535RBT6, STM32U535RBT6Q, STM32U535RCI6, STM32U535RCI6Q, STM32U535RCT6, STM32U535RCT6Q, STM32U535REI6, STM32U535REI6Q, STM32U535RET6, STM32U535RET6Q, STM32U535VCI6, STM32U535VCI6Q, STM32U535VCT6, STM32U535VCT6Q, STM32U535VEI6, STM32U535VEI6Q, STM32U535VET6, STM32U535VET6Q, STM32U545CET6, STM32U545CET6Q, STM32U545CEU6, STM32U545CEU6Q, STM32U545JEY6QTR, STM32U545NEY6QTR, STM32U545REI6, STM32U545REI6Q, STM32U545RET6, STM32U545RET6Q, STM32U545VEI6, STM32U545VEI6Q, STM32U545VET6, STM32U545VET6Q, STM32U595AIH6, STM32U595AIH6Q, STM32U595AJH6, STM32U595AJH6Q, STM32U595QII6, STM32U595QII6Q, STM32U595QJI6, STM32U595QJI6Q, STM32U595RIT6, STM32U595RIT6Q, STM32U595RJT6, STM32U595RJT6Q, STM32U595VIT6, STM32U595VIT6Q, STM32U595VJT6, STM32U595VJT6Q, STM32U595ZIT6, STM32U595ZIT6Q, STM32U595ZIY6QTR, STM32U595ZJT6, STM32U595ZJT6Q, STM32U595ZJY6QTR, STM32U599BJY6QTR, STM32U599NIH6Q, STM32U599NJH6Q, STM32U599VIT6Q, STM32U599VJT6, STM32U599VJT6Q, STM32U599ZIT6Q, STM32U599ZIY6QTR, STM32U599ZJT6Q, STM32U599ZJY6QTR, STM32U5A5AJH6, STM32U5A5AJH6Q, STM32U5A5QII3Q , STM32U5A5QJI6, STM32U5A5QJI6Q, STM32U5A5RJT6, STM32U5A5RJT6Q, STM32U5A5VJT6, STM32U5A5VJT6Q, STM32U5A5ZJT6, STM32U5A5ZJT6Q, STM32U5A5ZJY6QTR, STM32U5A9BJY6QTR, STM32U5A9J-DK, STM32U5A9NJH6Q, STM32U5A9VJT6Q, STM32U5A9ZJT6Q, STM32U5A9ZJY6QTR, STM32U5F7VIT6, STM32U5F7VIT6Q, STM32U5F7VJT6, STM32U5F7VJT6Q, STM32U5F9BJY6QTR, STM32U5F9NJH6Q, STM32U5F9VIT6Q, STM32U5F9VJT6Q, STM32U5F9ZIJ6QTR, STM32U5F9ZIT6Q, STM32U5F9ZJJ6QTR, STM32U5F9ZJT6Q, STM32U5G7VJT6, STM32U5G7VJT6Q, STM32U5G9BJY6QTR, STM32U5G9J-DK1, STM32U5G9J-DK2, STM32U5G9NJH6Q, STM32U5G9VJT6Q, STM32U5G9ZJJ6QTR, STM32U5G9ZJT6Q, STM32WB05KZV6TR, STM32WB05KZV7TR, STM32WB05TZF6TR, STM32WB05TZF7TR, STM32WB06CCF6TR, STM32WB06CCF7TR, STM32WB06CCV6TR, STM32WB06CCV7TR, STM32WB06KCV6TR, STM32WB06KCV7TR, STM32WB07CCF6TR, STM32WB07CCF7TR, STM32WB07CCV6TR, STM32WB07CCV7TR, STM32WB07KCV6TR, STM32WB07KCV7TR, STM32WB09KEV6TR, STM32WB09KEV7TR, STM32WB09TEF6TR, STM32WB09TEF7TR, STM32WB1MMCH6, STM32WBA50KGU6, STM32WBA50KGU6TR, STM32WBA52CEU6, STM32WBA52CEU6TR, STM32WBA52CEU7, STM32WBA52CEU7TR, STM32WBA52CGU6, STM32WBA52CGU6TR, STM32WBA52CGU6U, STM32WBA52CGU7, STM32WBA52CGU7TR, STM32WBA52KEU6, STM32WBA52KEU6TR, STM32WBA52KGU6, STM32WBA52KGU6TR, STM32WBA54CEU6, STM32WBA54CEU6TR, STM32WBA54CEU7, STM32WBA54CEU7TR, STM32WBA54CGU6, STM32WBA54CGU6TR, STM32WBA54CGU7, STM32WBA54CGU7TR, STM32WBA54KEU6, STM32WBA54KEU6TR, STM32WBA54KEU7, STM32WBA54KEU7TR, STM32WBA54KGU6, STM32WBA54KGU6TR, STM32WBA54KGU7, STM32WBA54KGU7TR, STM32WBA55CEU6, STM32WBA55CEU6TR, STM32WBA55CEU7, STM32WBA55CEU7TR, STM32WBA55CGU6, STM32WBA55CGU6TR, STM32WBA55CGU6U, STM32WBA55CGU7, STM32WBA55CGU7TR, STM32WBA55G-DK1, STM32WBA55HEF6, STM32WBA55HEF7, STM32WBA55HGF6, STM32WBA55HGF7, STM32WBA55UEI6, STM32WBA55UEI6TR, STM32WBA55UEI7, STM32WBA55UEI7TR, STM32WBA55UGI6, STM32WBA55UGI6TR, STM32WBA55UGI7, STM32WBA55UGI7TR, STM32WBA5MMGH6TR, STM32WBA62MGF6, STM32WBA62MIF6, STM32WBA65MGF7, STM32WBA65MIF6, STM32WBA65MIF7, STM32WL30K8V6, STM32WL30KBV6, STM32WL31C8V6, STM32WL31CBV6, STM32WL31K8V6, STM32WL31KBV6, STM32WL33C8V6, STM32WL33C8V6X, STM32WL33CBV6, STM32WL33CBV6X, STM32WL33CCV6, STM32WL33CCV6A, STM32WL33CCV6X, STM32WL33K8V7, STM32WL33K8V7X, STM32WL33KBV7 , STM32WL33KBV7X, STM32WL33KCV7, STM32WL33KCV7X, STM32WL5MOCH6, STM32WL5MOCH6TR]
2025-11-03 16:09:27,427 [INFO] DbMcus:218 - Found 4801 MCUs, 4801 are supported
2025-11-03 16:09:27,451 [INFO] ApiDb:423 - Load user favorites file /home/pinkyflowy/.stm32cubeide/favorites.mcus.txt: 0 item(s)
2025-11-03 16:09:27,451 [INFO] ApiDb:427 - User favorites MCUs=[]
2025-11-03 16:09:27,451 [INFO] DbMcus:224 - Set 0 / 0 favorites MCUs
2025-11-03 16:09:28,215 [INFO] ApiDb:668 - CubeFinder database Data Model version=2.1
2025-11-03 16:09:28,215 [INFO] ApiDb:669 - CubeFinder database Configuration version=3.0.39
2025-11-03 16:09:28,215 [INFO] ApiDb:670 - CubeFinder database generation date=2025-10-27 (1761571959)
2025-11-03 16:09:28,215 [INFO] ApiDb:671 - CubeFinder database FW Pack versions=[FP-ATR-ASTRA1_V2.0.0, FP-SNS-FLIGHT1_V5.1.0, FP-SNS-MOTENV1_V5.0.0, FP-SNS-MOTENVWB1_V1.4.0, FP-SNS-SMARTAG2_V1.2.0, FP-SNS-STBOX1_V2.1.0, STM32Cube_FW_C0_V1.4.0, STM32Cube_FW_F4_V1.28.3, STM32Cube_FW_F7_V1.17.4, STM32Cube_FW_G0_V1.6.2, STM32Cube_FW_G4_V1.6.1, STM32Cube_FW_H5_V1.5.0, STM32Cube_FW_H7RS_V1.2.0, STM32Cube_FW_H7_V1.12.1, STM32Cube_FW_L0_V1.12.2, STM32Cube_FW_L4_V1.18.1, STM32Cube_FW_L5_V1.5.1, STM32Cube_FW_N6_V1.2.0, STM32Cube_FW_U0_V1.3.0, STM32Cube_FW_U3_V1.2.1, STM32Cube_FW_U5_V1.8.0, STM32Cube_FW_WB0_V1.3.0, STM32Cube_FW_WBA_V1.7.0, STM32Cube_FW_WB_V1.23.0, STM32Cube_FW_WL3_V1.2.0, STM32Cube_FW_WL_V1.3.1, X-CUBE-ALGOBUILD_V1.4.0, X-CUBE-ALS_V1.0.2, X-CUBE-AZRTOS-F4_V1.1.0, X-CUBE-AZRTOS-F7_V1.1.0, X-CUBE-AZRTOS-G0_V1.1.0, X-CUBE-AZRTOS-G4_V2.0.0, X-CUBE-AZRTOS-H7RS_V1.1.0, X-CUBE-AZRTOS-H7_V3.4.0, X-CUBE-AZRTOS-L4_V2.0.0, X-CUBE-AZRTOS-L5_V2.0.0, X-CUBE-AZRTOS-WB_V2.0.0, X-CUBE-AZRTOS-WL_V2.0.0, X-CUBE-BLE1_V7.1.0, X-CUBE-BLE2_V3.3.0, X-CUBE-BLEMGR_V4.1.0, X-CUBE-EEPRMA1_V5.2.0, X-CUBE-FREERTOS_V1.3.1, X-CUBE-GNSS1_V6.0.0, X-CUBE-MEMS1_V11.3.0, X-CUBE-NFC4_V3.0.0, X-CUBE-NFC7_V2.0.0, X-CUBE-SFXS2LP1_V4.0.0, X-CUBE-ST67W61_V1.1.0, X-CUBE-SUBG2_V5.0.0, X-CUBE-TOF1_V3.4.3]
2025-11-03 16:09:28,275 [INFO] DbBoardsSqlite:226 - include board P-NUCLEO-WB55-NUCLEO as a kit item of type 'Nucleo-64'
2025-11-03 16:09:28,276 [INFO] DbBoardsSqlite:226 - include board P-NUCLEO-WB55-USBDONGLE as a kit item of type 'Nucleo USB Dongle'
2025-11-03 16:09:28,276 [INFO] DbBoardsSqlite:226 - include board STEVAL-IDP005V1 as a kit item of type 'Evaluation Board'
2025-11-03 16:09:28,277 [INFO] DbBoardsSqlite:226 - include board STEVAL-IDP005V2 as a kit item of type 'Evaluation Board'
2025-11-03 16:09:28,335 [INFO] ApiDb:240 - Found 880 in-development CPN: [B-G473E-ZEST1S, B-WB1M-WPAN1, B-WBA5M-WPAN, B-WL5M-SUBG1, NUCLEO-C031C6, NUCLEO-C051C8, NUCLEO-C071RB, NUCLEO-C092RC, NUCLEO-H503RB, NUCLEO-H533RE, NUCLEO-H563ZI, NUCLEO-H7S3L8, NUCLEO-N657X0-Q, NUCLEO-U031R8, NUCLEO-U083RC, NUCLEO-U385RG-Q, NUCLEO-U545RE-Q, NUCLEO-U5A5ZJ-Q, NUCLEO-WB05KZ, NUCLEO-WB07CC, NUCLEO-WB09KE, NUCLEO-WBA52CG, NUCLEO-WBA55CG, NUCLEO-WL33CC1, NUCLEO-WL33CC2, STEVAL-PROTEUS1, STEVAL-SMARTAG2, STEVAL-STWINBX1, STM320518-EVAL, STM32C0116-DK, STM32C011D6Y3TR, STM32C011D6Y6TR, STM32C011F4P3, STM32C011F4P6, STM32C011F4U3, STM32C011F4U6TR, STM32C011F6P3, STM32C011F6P6, STM32C011F6U3, STM32C011F6U6TR, STM32C011J4M3, STM32C011J4M6, STM32C011J6M3, STM32C011J6M6, STM32C0316-DK, STM32C031C4T3, STM32C031C4T6, STM32C031C4U3, STM32C031C4U6, STM32C031C6T3, STM32C031C6T6, STM32C031C6U3, STM32C031C6U6, STM32C031F4P3, STM32C031F4P6, STM32C031F6P3, STM32C031F6P6, STM32C031G4U3, STM32C031G4U6, STM32C031G6U3, STM32C031G6U6, STM32C031K4T3, STM32C031K4T6, STM32C031K4U3, STM32C031K4U6, STM32C031K6T3, STM32C031K6T6, STM32C031K6U3, STM32C031K6U6, STM32C051C6T6, STM32C051C6U6, STM32C051C8T6, STM32C051C8U6, STM32C051D8Y6TR, STM32C051F6P6, STM32C051F8P6, STM32C051G6U6, STM32C051G8U6, STM32C051K6T6, STM32C051K6U6, STM32C051K8T6, STM32C071C8T6, STM32C071C8T6N, STM32C071C8U6, STM32C071C8U6N, STM32C071CBT6, STM32C071CBT6N, STM32C071CBU6, STM32C071CBU6N, STM32C071F8P6, STM32C071F8P6N, STM32C071FBP6, STM32C071FBP6N, STM32C071FBY6TR, STM32C071G8U6, STM32C071G8U6N, STM32C071GBU6, STM32C071GBU6N, STM32C071K8T6, STM32C071K8T6N, STM32C071K8U6, STM32C071K8U6N, STM32C071KBT6, STM32C071KBT6N, STM32C071KBU6, STM32C071KBU6N, STM32C071R8T6, STM32C071R8T6N, STM32C071RBI6N, STM32C071RBT6, STM32C071RBT6N, STM32C091CBT6, STM32C091CBU6, STM32C091CCT6, STM32C091CCU6, STM32C091ECY6TR, STM32C091FBP6, STM32C091FCP6, STM32C091GBU6, STM32C091GCU6, STM32C091KBT6, STM32C091KBU6, STM32C091KCT6, STM32C091KCU6, STM32C091RBT6, STM32C091RCI6, STM32C091RCT6, STM32C092CBT6, STM32C092CBU6, STM32C092CCT6, STM32C092CCU6, STM32C092ECY6TR, STM32C092FBP6, STM32C092FCP6, STM32C092GBU6, STM32C092GCU6, STM32C092KBT6, STM32C092KBU6, STM32C092KCT6, STM32C092KCU6, STM32C092RBT6, STM32C092RCI6, STM32C092RCT6, STM32G071K8TXN, STM32G071K8UXN, STM32G081GBU6N, STM32G081KBT6N, STM32G081KBUXN, STM32G0B1CCT6N, STM32G0B1KCT6, STM32G0B1NEY6TR, STM32G0B1RCT6N, STM32G0C1CCT6, STM32G0C1CCT6N, STM32G0C1CCU6N, STM32G0C1CET6N, STM32G0C1CEU6N, STM32G0C1KCT6, STM32G0C1NEY6TR, STM32G0C1RCI6N, STM32G0C1RCT6N, STM32G0C1REI6N, STM32G0C1RET6N, STM32G0C1VCI6, STM32G0C1VEI6, STM32G411C6T3, STM32G411C6T6, STM32G411C6U3, STM32G411C6U6, STM32G411C8T3, STM32G411C8T6, STM32G411C8U3, STM32G411C8U6, STM32G411CBT3, STM32G411CBT6, STM32G411CBU3, STM32G411CBU6, STM32G411K6T3, STM32G411K6T6, STM32G411K6U3, STM32G411K6U6, STM32G411K8T3, STM32G411K8T6, STM32G411K8U3, STM32G411K8U6, STM32G411KBT3, STM32G411KBT6, STM32G411KBU3, STM32G411KBU6, STM32G411M6T3, STM32G411M6T6, STM32G411M8T3, STM32G411M8T6, STM32G411MBT3, STM32G411MBT6, STM32G411R6T3, STM32G411R6T6, STM32G411R8T3, STM32G411R8T6, STM32G411RBT3, STM32G411RBT6, STM32G414CBT3, STM32G414CBT6, STM32G414CBU3, STM32G414CBU6, STM32G414CCT3, STM32G414CCT6, STM32G414CCU3, STM32G414CCU6, STM32G414MBT3, STM32G414MBT6, STM32G414MCT3, STM32G414MCT6, STM32G414RBT3, STM32G414RBT6, STM32G414RCT3, STM32G414RCT6, STM32G414VBT3, STM32G414VBT6, STM32G414VCT3, STM32G414VCT6, STM32G431CBT3Z, STM32G431RBT3Z, STM32G471CCT6, STM32G471CCU6, STM32G471CET3, STM32G471CET6, STM32G471CEU3, STM32G471CEU6, STM32G471MCT6, STM32G471MET3, STM32G471MET6, STM32G471MEY6TR, STM32G471QCT6, STM32G471QET3, STM32G471RCT6, STM32G471RET3, STM32G471RET6, STM32G471VCH6, STM32G471VCI6, STM32G471VCT6, STM32G471VEH3, STM32G471VEH6, STM32G471VEI3, STM32G471VEI6, STM32G471VET3, STM32G471VET6, STM32G473QET3Z, STM32G473RET3Z, STM32G474CCT6, STM32G491RET3Z, STM32H503CBT6, STM32H503CBU6, STM32H503EBY6TR, STM32H503KBU6, STM32H503RBT6, STM32H523CCT6, STM32H523CCU6, STM32H523CET6, STM32H523CEU6, STM32H523HEY6TR, STM32H523RCT6, STM32H523RET6, STM32H523VCI6, STM32H523VCT6, STM32H523VEI6, STM32H523VET6, STM32H523ZCJ6, STM32H523ZCT6, STM32H523ZEJ6, STM32H523ZET6, STM32H533CET6, STM32H533CEU6, STM32H533HEY6TR, STM32H533RET6, STM32H533VEI6, STM32H533VET6, STM32H533ZEJ6, STM32H533ZET6, STM32H562AGI6, STM32H562AII6, STM32H562IGK6, STM32H562IGT6, STM32H562IIK6, STM32H562IIT6, STM32H562RGT6, STM32H562RGV6, STM32H562RIT6, STM32H562RIV6, STM32H562VGT6, STM32H562VIT6, STM32H562ZGT6, STM32H562ZIT6, STM32H563AGI6, STM32H563AII3Q, STM32H563AII6, STM32H563IGK6, STM32H563IGT6, STM32H563IIK3Q, STM32H563IIK6, STM32H563IIT3Q, STM32H563IIT6, STM32H563MIY3QTR, STM32H563RGT6, STM32H563RGV6, STM32H563RIT6, STM32H563RIV6, STM32H563VGT6, STM32H563VIT3Q, STM32H563VIT6, STM32H563ZGT6, STM32H563ZIT3Q, STM32H563ZIT6, STM32H573AII3Q, STM32H573AII6, STM32H573I-DK, STM32H573IIK3Q, STM32H573IIK6, STM32H573IIT3Q, STM32H573IIT6, STM32H573MIY3QTR, STM32H573RIT6, STM32H573RIV6, STM32H573VIT3Q, STM32H573VIT6, STM32H573ZIT3Q, STM32H573ZIT6, STM32H7R3A8I6, STM32H7R3I8K6, STM32H7R3I8T6, STM32H7R3L8H6, STM32H7R3L8H6H, STM32H7R3R8V6, STM32H7R3V8H6, STM32H7R3V8T6, STM32H7R3V8Y6TR, STM32H7R3Z8J6, STM32H7R3Z8T6, STM32H7R7A8I6, STM32H7R7I8K6, STM32H7R7I8T6, STM32H7R7L8H6, STM32H7R7L8H6H, STM32H7R7Z8J6, STM32H7S3A8I6, STM32H7S3I8K6, STM32H7S3I8T6, STM32H7S3L8H6, STM32H7S3L8H6H, STM32H7S3R8V6, STM32H7S3V8H6, STM32H7S3V8T6, STM32H7S3V8Y6TR, STM32H7S3Z8J6, STM32H7S3Z8T6, STM32H7S78-DK, STM32H7S7A8I6, STM32H7S7I8K6, STM32H7S7I8T6, STM32H7S7L8H6, STM32H7S7L8H6H, STM32H7S7Z8J6, STM32L4R5QGI6STR, STM32MP131AAE3, STM32MP131AAF3, STM32MP131AAG3, STM32MP131CAE3, STM32MP131CAF3, STM32MP131CAG3, STM32MP131DAE7, STM32MP131DAF7, STM32MP131DAG7, STM32MP131FAE7, STM32MP131FAF7, STM32MP131FAG7, STM32MP133AAE3, STM32MP133AAF3, STM32MP133AAG3, STM32MP133CAE3, STM32MP133CAF3, STM32MP133CAG3, STM32MP133DAE7, STM32MP133DAF7, STM32MP133DAG7, STM32MP133FAE7, STM32MP133FAF7, STM32MP133FAG7, STM32MP135AAE3, STM32MP135AAF3, STM32MP135AAG3, STM32MP135CAE3, STM32MP135CAF3, STM32MP135CAG3, STM32MP135DAE7, STM32MP135DAF7, STM32MP135DAG7, STM32MP135F-DK, STM32MP135FAE7, STM32MP135FAF7, STM32MP135FAF7T, STM32MP135FAF7U, STM32MP135FAG7, STM32MP211AAL3, STM32MP211AAM3, STM32MP211AAN3, STM32MP211AAO3, STM32MP211CAL3, STM32MP211CAM3, STM32MP211CAN3, STM32MP211CAO3, STM32MP211DAL3, STM32MP211DAM3, STM32MP211DAN3, STM32MP211DAO3, STM32MP211FAL3, STM32MP211FAM3, STM32MP211FAN3, STM32MP211FAO3, STM32MP213AAL3, STM32MP213AAM3, STM32MP213AAN3, STM32MP213AAO3, STM32MP213CAL3, STM32MP213CAM3, STM32MP213CAN3, STM32MP213CAO3, STM32MP213DAL3, STM32MP213DAM3, STM32MP213DAN3, STM32MP213DAO3, STM32MP213FAL3, STM32MP213FAM3, STM32MP213FAN3, STM32MP213FAO3, STM32MP215AAL3, STM32MP215AAM3, STM32MP215AAN3, STM32MP215AAO3, STM32MP215CAL3, STM32MP215CAM3, STM32MP215CAN3, STM32MP215CAO3, STM32MP215DAL3, STM32MP215DAM3, STM32MP215DAN3, STM32MP215DAO3, STM32MP215F-DK, STM32MP215FAL3, STM32MP215FAM3, STM32MP215FAN3, STM32MP215FAO3, STM32MP231AAJ3, STM32MP231AAK3, STM32MP231AAL3, STM32MP231CAJ3, STM32MP231CAK3, STM32MP231CAL3, STM32MP231DAJ3, STM32MP231DAK3, STM32MP231DAL3, STM32MP231FAJ3, STM32MP231FAK3, STM32MP231FAL3, STM32MP233AAJ3, STM32MP233AAK3, STM32MP233AAL3, STM32MP233CAJ3, STM32MP233CAK3, STM32MP233CAL3, STM32MP233DAJ3, STM32MP233DAK3, STM32MP233DAL3, STM32MP233FAJ3, STM32MP233FAK3, STM32MP233FAL3, STM32MP235AAJ3, STM32MP235AAK3, STM32MP235AAL3, STM32MP235CAJ3, STM32MP235CAK3, STM32MP235CAL3, STM32MP235DAJ3, STM32MP235DAK3, STM32MP235DAL3, STM32MP235FAJ3, STM32MP235FAK3, STM32MP235FAL3, STM32MP251AAI3, STM32MP251AAK3, STM32MP251AAL3, STM32MP251CAI3, STM32MP251CAK3, STM32MP251CAL3, STM32MP251DAI3, STM32MP251DAK3, STM32MP251DAL3, STM32MP251FAI3, STM32MP251FAK3, STM32MP251FAL3, STM32MP253AAI3, STM32MP253AAK3, STM32MP253AAL3, STM32MP253CAI3, STM32MP253CAK3, STM32MP253CAL3, STM32MP253DAI3, STM32MP253DAK3, STM32MP253DAL3, STM32MP253FAI3, STM32MP253FAK3, STM32MP253FAL3, STM32MP255AAI3, STM32MP255AAK3, STM32MP255AAL3, STM32MP255CAI3, STM32MP255CAK3, STM32MP255CAL3, STM32MP255DAI3, STM32MP255DAK3, STM32MP255DAL3, STM32MP255FAI3, STM32MP255FAK3, STM32MP255FAL3, STM32MP257AAI3, STM32MP257AAK3, STM32MP257AAL3, STM32MP257CAI3, STM32MP257CAK3, STM32MP257CAL3, STM32MP257DAI3, STM32MP257DAK3, STM32MP257DAL3, STM32MP257F-DK, STM32MP257F-EV1, STM32MP257FAI3, STM32MP257FAK3, STM32MP257FAL3, STM32N645A0H3Q, STM32N645B0H3Q, STM32N645I0H3Q, STM32N645L0H3Q, STM32N645X0H3Q, STM32N645Z0H3Q, STM32N647A0H3Q, STM32N647B0H3Q, STM32N647I0H3Q, STM32N647L0H3Q, STM32N647X0H3Q, STM32N647Z0H3Q, STM32N655A0H3Q, STM32N655B0H3Q, STM32N655I0H3Q, STM32N655L0H3Q, STM32N655X0H3Q, STM32N655Z0H3Q, STM32N6570-DK, STM32N657A0H3Q, STM32N657B0H3Q, STM32N657I0H3Q, STM32N657L0H3Q, STM32N657X0H3Q, STM32N657Z0H3Q, STM32U031C6T6, STM32U031C6U6, STM32U031C8T6, STM32U031C8U6, STM32U031F4P6, STM32U031F6P6, STM32U031F8P6, STM32U031G6Y6TR, STM32U031G8Y6TR, STM32U031K4U6, STM32U031K6U6, STM32U031K8U6, STM32U031R6I6, STM32U031R6T6, STM32U031R8I6, STM32U031R8T6, STM32U073C8T6, STM32U073C8U6, STM32U073CBT6, STM32U073CBU6, STM32U073CCT6, STM32U073CCU6, STM32U073H8Y6TR, STM32U073HBY6TR, STM32U073HCY6TR, STM32U073K8U6, STM32U073KBU6, STM32U073KCU6, STM32U073M8I6, STM32U073M8T6, STM32U073MBI6, STM32U073MBT6, STM32U073MCI6, STM32U073MCT6, STM32U073R8I6, STM32U073R8T6, STM32U073RBI6, STM32U073RBT6, STM32U073RCI6, STM32U073RCT6, STM32U083C-DK, STM32U083CCT6, STM32U083CCU6, STM32U083HCY6TR, STM32U083KCU6, STM32U083MCI6, STM32U083MCT6, STM32U083RCI6, STM32U083RCT6, STM32U375CET6, STM32U375CET6Q, STM32U375CEU6, STM32U375CEU6Q, STM32U375CEY6QTR, STM32U375CGT6, STM32U375CGT6Q, STM32U375CGU6, STM32U375CGU6Q, STM32U375CGY6QTR, STM32U375KEU6, STM32U375KGU6, STM32U375REI6, STM32U375REI6Q, STM32U375RET6, STM32U375RET6Q, STM32U375REY6GTR, STM32U375REY6QTR, STM32U375RGI6, STM32U375RGI6Q, STM32U375RGT6, STM32U375RGT6Q, STM32U375RGY6GTR, STM32U375RGY6QTR, STM32U375VEI6, STM32U375VEI6Q, STM32U375VET6, STM32U375VET6Q, STM32U375VGI6, STM32U375VGI6Q, STM32U375VGT6, STM32U375VGT6Q, STM32U385CGT6, STM32U385CGT6Q, STM32U385CGU6, STM32U385CGU6Q, STM32U385CGY6QTR, STM32U385KGU6, STM32U385RGI6, STM32U385RGI6Q, STM32U385RGT6, STM32U385RGT6Q, STM32U385RGY6GTR, STM32U385RGY6QTR, STM32U385VGI6, STM32U385VGI6Q, STM32U385VGT6, STM32U385VGT6Q, STM32U535CBT6, STM32U535CBT6Q, STM32U535CBU6, STM32U535CBU6Q, STM32U535CCT6, STM32U535CCT6Q, STM32U535CCU6, STM32U535CCU6Q, STM32U535CET6, STM32U535CET6Q, STM32U535CEU6, STM32U535CEU6Q, STM32U535JEY6QTR, STM32U535NCY6QTR, STM32U535NEY6QTR, STM32U535RBI6, STM32U535RBI6Q, STM32U535RBT6, STM32U535RBT6Q, STM32U535RCI6, STM32U535RCI6Q, STM32U535RCT6, STM32U535RCT6Q, STM32U535REI6, STM32U535REI6Q, STM32U535RET6, STM32U535RET6Q, STM32U535VCI6, STM32U535VCI6Q, STM32U535VCT6, STM32U535VCT6Q, STM32U535VEI6, STM32U535VEI6Q, STM32U535VET6, STM32U535VET6Q, STM32U545CET6, STM32U545CET6Q, STM32U545CEU6, STM32U545CEU6Q, STM32U545JEY6QTR, STM32U545NEY6QTR, STM32U545REI6, STM32U545REI6Q, STM32U545RET6, STM32U545RET6Q, STM32U545VEI6, STM32U545VEI6Q, STM32U545VET6, STM32U545VET6Q, STM32U595AIH6, STM32U595AIH6Q, STM32U595AJH6, STM32U595AJH6Q, STM32U595QII6, STM32U595QII6Q, STM32U595QJI6, STM32U595QJI6Q, STM32U595RIT6, STM32U595RIT6Q, STM32U595RJT6, STM32U595RJT6Q, STM32U595VIT6, STM32U595VIT6Q, STM32U595VJT6, STM32U595VJT6Q, STM32U595ZIT6, STM32U595ZIT6Q, STM32U595ZIY6QTR, STM32U595ZJT6, STM32U595ZJT6Q, STM32U595ZJY6QTR, STM32U599BJY6QTR, STM32U599NIH6Q, STM32U599NJH6Q, STM32U599VIT6Q, STM32U599VJT6, STM32U599VJT6Q, STM32U599ZIT6Q, STM32U599ZIY6QTR, STM32U599ZJT6Q, STM32U599ZJY6QTR, STM32U5A5AJH6, STM32U5A5AJH6Q, STM32U5A5QII3Q , STM32U5A5QJI6, STM32U5A5QJI6Q, STM32U5A5RJT6, STM32U5A5RJT6Q, STM32U5A5VJT6, STM32U5A5VJT6Q, STM32U5A5ZJT6, STM32U5A5ZJT6Q, STM32U5A5ZJY6QTR, STM32U5A9BJY6QTR, STM32U5A9J-DK, STM32U5A9NJH6Q, STM32U5A9VJT6Q, STM32U5A9ZJT6Q, STM32U5A9ZJY6QTR, STM32U5F7VIT6, STM32U5F7VIT6Q, STM32U5F7VJT6, STM32U5F7VJT6Q, STM32U5F9BJY6QTR, STM32U5F9NJH6Q, STM32U5F9VIT6Q, STM32U5F9VJT6Q, STM32U5F9ZIJ6QTR, STM32U5F9ZIT6Q, STM32U5F9ZJJ6QTR, STM32U5F9ZJT6Q, STM32U5G7VJT6, STM32U5G7VJT6Q, STM32U5G9BJY6QTR, STM32U5G9J-DK1, STM32U5G9J-DK2, STM32U5G9NJH6Q, STM32U5G9VJT6Q, STM32U5G9ZJJ6QTR, STM32U5G9ZJT6Q, STM32WB05KZV6TR, STM32WB05KZV7TR, STM32WB05TZF6TR, STM32WB05TZF7TR, STM32WB06CCF6TR, STM32WB06CCF7TR, STM32WB06CCV6TR, STM32WB06CCV7TR, STM32WB06KCV6TR, STM32WB06KCV7TR, STM32WB07CCF6TR, STM32WB07CCF7TR, STM32WB07CCV6TR, STM32WB07CCV7TR, STM32WB07KCV6TR, STM32WB07KCV7TR, STM32WB09KEV6TR, STM32WB09KEV7TR, STM32WB09TEF6TR, STM32WB09TEF7TR, STM32WB1MMCH6, STM32WBA50KGU6, STM32WBA50KGU6TR, STM32WBA52CEU6, STM32WBA52CEU6TR, STM32WBA52CEU7, STM32WBA52CEU7TR, STM32WBA52CGU6, STM32WBA52CGU6TR, STM32WBA52CGU6U, STM32WBA52CGU7, STM32WBA52CGU7TR, STM32WBA52KEU6, STM32WBA52KEU6TR, STM32WBA52KGU6, STM32WBA52KGU6TR, STM32WBA54CEU6, STM32WBA54CEU6TR, STM32WBA54CEU7, STM32WBA54CEU7TR, STM32WBA54CGU6, STM32WBA54CGU6TR, STM32WBA54CGU7, STM32WBA54CGU7TR, STM32WBA54KEU6, STM32WBA54KEU6TR, STM32WBA54KEU7, STM32WBA54KEU7TR, STM32WBA54KGU6, STM32WBA54KGU6TR, STM32WBA54KGU7, STM32WBA54KGU7TR, STM32WBA55CEU6, STM32WBA55CEU6TR, STM32WBA55CEU7, STM32WBA55CEU7TR, STM32WBA55CGU6, STM32WBA55CGU6TR, STM32WBA55CGU6U, STM32WBA55CGU7, STM32WBA55CGU7TR, STM32WBA55G-DK1, STM32WBA55HEF6, STM32WBA55HEF7, STM32WBA55HGF6, STM32WBA55HGF7, STM32WBA55UEI6, STM32WBA55UEI6TR, STM32WBA55UEI7, STM32WBA55UEI7TR, STM32WBA55UGI6, STM32WBA55UGI6TR, STM32WBA55UGI7, STM32WBA55UGI7TR, STM32WBA5MMGH6TR, STM32WBA62MGF6, STM32WBA62MIF6, STM32WBA65MGF7, STM32WBA65MIF6, STM32WBA65MIF7, STM32WL30K8V6, STM32WL30KBV6, STM32WL31C8V6, STM32WL31CBV6, STM32WL31K8V6, STM32WL31KBV6, STM32WL33C8V6, STM32WL33C8V6X, STM32WL33CBV6, STM32WL33CBV6X, STM32WL33CCV6, STM32WL33CCV6A, STM32WL33CCV6X, STM32WL33K8V7, STM32WL33K8V7X, STM32WL33KBV7 , STM32WL33KBV7X, STM32WL33KCV7, STM32WL33KCV7X, STM32WL5MOCH6, STM32WL5MOCH6TR]
2025-11-03 16:09:28,519 [INFO] BoardInfo:889 - No configuration file found for board P-NUCLEO-WB55
2025-11-03 16:09:28,519 [INFO] DbBoards:161 - Kit is not supported: P-NUCLEO-WB55
2025-11-03 16:09:28,523 [INFO] BoardInfo:889 - No configuration file found for board STEVAL-BFA001V1B
2025-11-03 16:09:28,523 [INFO] DbBoards:161 - Kit is not supported: STEVAL-BFA001V1B
2025-11-03 16:09:28,524 [INFO] BoardInfo:889 - No configuration file found for board STEVAL-BFA001V2B
2025-11-03 16:09:28,525 [INFO] DbBoards:161 - Kit is not supported: STEVAL-BFA001V2B
2025-11-03 16:09:28,692 [INFO] DbBoards:168 - Found 212 boards, 209 are supported
2025-11-03 16:09:28,692 [INFO] DbBoards:169 - Found 212 boards, 43 of them is supported for  Bsp
2025-11-03 16:09:28,694 [INFO] ApiDb:423 - Load user favorites file /home/pinkyflowy/.stm32cubeide/favorites.boards.txt: 0 item(s)
2025-11-03 16:09:28,695 [INFO] ApiDb:427 - User favorites Boards=[]
2025-11-03 16:09:28,695 [INFO] DbBoards:198 - Set 0 / 0 favorites Boards
2025-11-03 16:09:28,698 [INFO] ApiDb:668 - CubeFinder database Data Model version=2.1
2025-11-03 16:09:28,698 [INFO] ApiDb:669 - CubeFinder database Configuration version=3.0.39
2025-11-03 16:09:28,698 [INFO] ApiDb:670 - CubeFinder database generation date=2025-10-27 (1761571959)
2025-11-03 16:09:28,698 [INFO] ApiDb:671 - CubeFinder database FW Pack versions=[FP-ATR-ASTRA1_V2.0.0, FP-SNS-FLIGHT1_V5.1.0, FP-SNS-MOTENV1_V5.0.0, FP-SNS-MOTENVWB1_V1.4.0, FP-SNS-SMARTAG2_V1.2.0, FP-SNS-STBOX1_V2.1.0, STM32Cube_FW_C0_V1.4.0, STM32Cube_FW_F4_V1.28.3, STM32Cube_FW_F7_V1.17.4, STM32Cube_FW_G0_V1.6.2, STM32Cube_FW_G4_V1.6.1, STM32Cube_FW_H5_V1.5.0, STM32Cube_FW_H7RS_V1.2.0, STM32Cube_FW_H7_V1.12.1, STM32Cube_FW_L0_V1.12.2, STM32Cube_FW_L4_V1.18.1, STM32Cube_FW_L5_V1.5.1, STM32Cube_FW_N6_V1.2.0, STM32Cube_FW_U0_V1.3.0, STM32Cube_FW_U3_V1.2.1, STM32Cube_FW_U5_V1.8.0, STM32Cube_FW_WB0_V1.3.0, STM32Cube_FW_WBA_V1.7.0, STM32Cube_FW_WB_V1.23.0, STM32Cube_FW_WL3_V1.2.0, STM32Cube_FW_WL_V1.3.1, X-CUBE-ALGOBUILD_V1.4.0, X-CUBE-ALS_V1.0.2, X-CUBE-AZRTOS-F4_V1.1.0, X-CUBE-AZRTOS-F7_V1.1.0, X-CUBE-AZRTOS-G0_V1.1.0, X-CUBE-AZRTOS-G4_V2.0.0, X-CUBE-AZRTOS-H7RS_V1.1.0, X-CUBE-AZRTOS-H7_V3.4.0, X-CUBE-AZRTOS-L4_V2.0.0, X-CUBE-AZRTOS-L5_V2.0.0, X-CUBE-AZRTOS-WB_V2.0.0, X-CUBE-AZRTOS-WL_V2.0.0, X-CUBE-BLE1_V7.1.0, X-CUBE-BLE2_V3.3.0, X-CUBE-BLEMGR_V4.1.0, X-CUBE-EEPRMA1_V5.2.0, X-CUBE-FREERTOS_V1.3.1, X-CUBE-GNSS1_V6.0.0, X-CUBE-MEMS1_V11.3.0, X-CUBE-NFC4_V3.0.0, X-CUBE-NFC7_V2.0.0, X-CUBE-SFXS2LP1_V4.0.0, X-CUBE-ST67W61_V1.1.0, X-CUBE-SUBG2_V5.0.0, X-CUBE-TOF1_V3.4.3]
2025-11-03 16:09:29,447 [ERROR] DbExamplesSqlite:437 - Missing JSON key: board_cpn
2025-11-03 16:09:29,448 [ERROR] DbExamplesSqlite:437 - Missing JSON key: board_cpn
2025-11-03 16:09:29,449 [ERROR] DbExamplesSqlite:437 - Missing JSON key: board_cpn
2025-11-03 16:09:29,449 [ERROR] DbExamplesSqlite:437 - Missing JSON key: board_cpn
2025-11-03 16:09:29,892 [ERROR] DbExamplesSqlite:437 - Missing JSON key: board_cpn
2025-11-03 16:09:29,892 [ERROR] DbExamplesSqlite:437 - Missing JSON key: board_cpn
2025-11-03 16:09:29,898 [INFO] DbExamplesSqlite:395 - Ignored 33 examples not supported by CubeIDE
2025-11-03 16:09:29,899 [INFO] DbExamplesSqlite:396 - Found 10875 examples active
2025-11-03 16:09:29,899 [INFO] DbExamplesSqlite:397 - Found 0 examples obsolete
2025-11-03 16:09:29,899 [INFO] DbExamplesSqlite:398 - Found 0 examples under development
2025-11-03 16:09:29,900 [INFO] DbExamplesSqlite:399 - Found 65 examples not building
2025-11-03 16:09:29,902 [INFO] DbExamples:125 - Found 10907 examples
2025-11-03 16:09:29,926 [INFO] DbExamples:222 - Found 134 boards with related examples
2025-11-03 16:09:29,928 [INFO] DbExamples:235 - Found 111 MCUs with related examples
2025-11-03 16:09:29,954 [INFO] ApiDb:414 - User favorites file not found: /home/pinkyflowy/.stm32cubeide/favorites.examples.txt
2025-11-03 16:09:29,954 [INFO] DbExamples:250 - Set 0 / 0 favorites Examples
2025-11-03 16:09:31,122 [INFO] McuFinderGlobals:76 - Set McuFinderConnectedMode to true
2025-11-03 16:09:31,130 [INFO] MultiScanPanel:200 - Auto-refresh data requested => check proxy status ongoing
2025-11-03 16:09:31,141 [INFO] FinderPluginLoader:96 - Searching for filters in installed packs
2025-11-03 16:09:33,041 [INFO] LoadUrlFilesThread:185 - End of LoadServerUrlFiles without Thread
2025-11-03 16:09:33,203 [INFO] DetailPanel:341 - Set advertising image to /home/pinkyflowy/STM32Cube/Repository//en.mcu-finder-stm32n6dk.jpg
2025-11-03 16:10:05,263 [INFO] MainUpdater:2872 - connection check result : 10
2025-11-03 16:10:05,263 [INFO] MainUpdater:2872 - connection check result : 10
2025-11-03 16:10:05,304 [INFO] MicroXplorer:468 - Change Database Path : 
2025-11-03 16:10:05,305 [INFO] MicroXplorer:498 - Change Database Version : DB.6.0.150
2025-11-03 16:10:05,313 [WARN] ThirdParty:871 - waiting for thirdparty lock release [close project]
2025-11-03 16:10:05,313 [INFO] ThirdParty:873 - entering critical section [close project]
2025-11-03 16:10:05,315 [INFO] ThirdParty:883 - exiting critical section [close project]
2025-11-03 16:10:05,317 [INFO] PinOutPanel:1589 - setPackage(No Configuration,No Configuration)
2025-11-03 16:10:05,320 [INFO] UtilMem:75 - Begin LoadConfig() Used Memory: 284164096 Bytes (577765376)
2025-11-03 16:10:05,321 [INFO] MicroXplorer:468 - Change Database Path : 
2025-11-03 16:10:05,321 [INFO] MicroXplorer:498 - Change Database Version : DB.6.0.150
2025-11-03 16:10:05,322 [INFO] OpenFileManager:355 - Change cursor
2025-11-03 16:10:05,571 [INFO] Mcu:2029 - Initializing MCU STM32L475V(C-E-G)Tx STM32L475VGTx STM32L475VGT6
2025-11-03 16:10:10,002 [INFO] Context:786 - Trying to add GPIOservice into a context  which must be forbidden
2025-11-03 16:10:10,982 [INFO] ImportTextPane:234 - (OptionalMessage_ERROR) Pin8 (VP_RIF_VS_RIF1) cannot be retrieved for this MCU
2025-11-03 16:10:11,197 [INFO] RtosManager:558 - Registered RTOS mode: class=CMSIS, group=RTOS, mode=CMSIS_V1, owner=FREERTOS
2025-11-03 16:10:11,198 [INFO] RtosManager:558 - Registered RTOS mode: class=CMSIS, group=RTOS2, mode=CMSIS_V2, owner=FREERTOS
2025-11-03 16:10:11,198 [INFO] RtosManager:558 - Registered RTOS mode: class=RTOS, group=Core, mode=CMSIS_V1, owner=FREERTOS
2025-11-03 16:10:11,198 [INFO] RtosManager:558 - Registered RTOS mode: class=RTOS, group=Core, mode=CMSIS_V2, owner=FREERTOS
2025-11-03 16:10:11,198 [WARN] ModelIntegratedComponent:184 - Missing modes for component STMicroelectronics:FreeRTOS:0.0.1:STMicroelectronics:RTOS:FreeRTOS:Core:::10.2.0:
2025-11-03 16:10:11,221 [WARN] ModelIntegratedComponent:63 - No mode defined for component null
2025-11-03 16:10:11,221 [WARN] ModelIntegratedComponent:63 - No mode defined for component null
2025-11-03 16:10:11,221 [WARN] ModelIntegratedComponent:63 - No mode defined for component null
2025-11-03 16:10:11,221 [WARN] ModelIntegratedComponent:63 - No mode defined for component null
2025-11-03 16:10:11,221 [WARN] ModelIntegratedComponent:63 - No mode defined for component null
2025-11-03 16:10:11,221 [WARN] ModelIntegratedComponent:63 - No mode defined for component null
2025-11-03 16:10:11,221 [WARN] ModelIntegratedComponent:63 - No mode defined for component null
2025-11-03 16:10:11,221 [WARN] ModelIntegratedComponent:63 - No mode defined for component null
2025-11-03 16:10:11,221 [WARN] ModelIntegratedComponent:63 - No mode defined for component null
2025-11-03 16:10:11,221 [WARN] ModelIntegratedComponent:63 - No mode defined for component null
2025-11-03 16:10:11,221 [WARN] ModelIntegratedComponent:63 - No mode defined for component null
2025-11-03 16:10:11,222 [WARN] ModelIntegratedComponent:63 - No mode defined for component null
2025-11-03 16:10:11,222 [WARN] ModelIntegratedComponent:63 - No mode defined for component null
2025-11-03 16:10:11,222 [WARN] ModelIntegratedComponent:63 - No mode defined for component null
2025-11-03 16:10:11,222 [WARN] ModelIntegratedComponent:63 - No mode defined for component null
2025-11-03 16:10:11,222 [WARN] ModelIntegratedComponent:63 - No mode defined for component null
2025-11-03 16:10:11,222 [WARN] ModelIntegratedComponent:63 - No mode defined for component null
2025-11-03 16:10:11,222 [WARN] ModelIntegratedComponent:63 - No mode defined for component null
2025-11-03 16:10:11,222 [WARN] ModelIntegratedComponent:63 - No mode defined for component null
2025-11-03 16:10:11,222 [WARN] ModelIntegratedComponent:63 - No mode defined for component null
2025-11-03 16:10:11,222 [WARN] ModelIntegratedComponent:63 - No mode defined for component null
2025-11-03 16:10:11,222 [WARN] ModelIntegratedComponent:63 - No mode defined for component null
2025-11-03 16:10:11,222 [WARN] ModelIntegratedComponent:63 - No mode defined for component null
2025-11-03 16:10:11,222 [WARN] ModelIntegratedComponent:63 - No mode defined for component null
2025-11-03 16:10:11,222 [WARN] ModelIntegratedComponent:63 - No mode defined for component null
2025-11-03 16:10:11,222 [WARN] ModelIntegratedComponent:63 - No mode defined for component null
2025-11-03 16:10:11,222 [WARN] ModelIntegratedComponent:63 - No mode defined for component null
2025-11-03 16:10:11,222 [WARN] ModelIntegratedComponent:63 - No mode defined for component null
2025-11-03 16:10:11,223 [WARN] ModelIntegratedComponent:63 - No mode defined for component null
2025-11-03 16:10:11,223 [WARN] ModelIntegratedComponent:63 - No mode defined for component null
2025-11-03 16:10:11,223 [WARN] ModelIntegratedComponent:63 - No mode defined for component null
2025-11-03 16:10:11,223 [WARN] ModelIntegratedComponent:63 - No mode defined for component null
2025-11-03 16:10:11,223 [WARN] ModelIntegratedComponent:63 - No mode defined for component null
2025-11-03 16:10:11,223 [WARN] ModelIntegratedComponent:63 - No mode defined for component null
2025-11-03 16:10:11,223 [WARN] ModelIntegratedComponent:63 - No mode defined for component null
2025-11-03 16:10:11,223 [WARN] ModelPack:524 - Component already loaded: STMicroelectronics:HAL Drivers:0.0.0:STMicroelectronics:Device:STMicro_Driver:XSPI:HAL::0.0.1:HAL_XSPI
2025-11-03 16:10:11,420 [INFO] ThirdPartyModel:298 - Start build external matchings
2025-11-03 16:10:12,287 [INFO] ThirdPartyModel:316 - End build external matchings
2025-11-03 16:10:12,315 [INFO] RtosManager:1018 - Current active RTOS is FREERTOS [Cortex-M4NS]
2025-11-03 16:10:12,328 [INFO] ImportTextPane:234 - (OptionalMessage_ERROR) IP (RCC) : Parameter (ADCFreq_Value) has invalid value (128000000)
2025-11-03 16:10:12,328 [INFO] ImportTextPane:234 - (OptionalMessage_ERROR) IP (RCC) : Invalid parameter (FamilyName)
2025-11-03 16:10:12,331 [INFO] ImportTextPane:234 - (OptionalMessage_ERROR) IP (RCC) : Parameter (RNGFreq_Value) has invalid value (128000000)
2025-11-03 16:10:12,331 [INFO] ImportTextPane:234 - (OptionalMessage_ERROR) IP (RCC) : Parameter (SDMMCFreq_Value) has invalid value (128000000)
2025-11-03 16:10:12,332 [INFO] ImportTextPane:234 - (OptionalMessage_ERROR) IP (RCC) : Parameter (USBFreq_Value) has invalid value (128000000)
2025-11-03 16:10:12,668 [INFO] UtilMem:75 - End LoadConfig() Used Memory: 540485104 Bytes (811597824)
2025-11-03 16:10:13,116 [WARN] ThirdParty:833 - waiting for thirdparty lock release [change project]
2025-11-03 16:10:13,116 [INFO] ThirdParty:835 - entering critical section [change project]
2025-11-03 16:10:13,117 [INFO] ThirdParty:1030 - CMSIS Pack Vendor :STMicroelectronics X-CUBE-PM33A1 1.0.0
2025-11-03 16:10:13,117 [INFO] ThirdParty:1030 - CMSIS Pack Vendor :STMicroelectronics USBPD 4.1
2025-11-03 16:10:13,117 [INFO] ThirdParty:1030 - CMSIS Pack Vendor :STMicroelectronics X-CUBE-NFC9 1.0.0
2025-11-03 16:10:13,117 [INFO] ThirdParty:1030 - CMSIS Pack Vendor :STMicroelectronics USB_HOST 2.0.0
2025-11-03 16:10:13,117 [INFO] ThirdParty:1030 - CMSIS Pack Vendor :STMicroelectronics FP-SNS-MOTENVWB1 1.4.0
2025-11-03 16:10:13,117 [INFO] ThirdParty:1030 - CMSIS Pack Vendor :STMicroelectronics X-CUBE-AZRTOS-F4 1.1.0
2025-11-03 16:10:13,117 [INFO] ThirdParty:1030 - CMSIS Pack Vendor :STMicroelectronics LIBJPEG 8.0.0
2025-11-03 16:10:13,117 [INFO] ThirdParty:1030 - CMSIS Pack Vendor :STMicroelectronics FP-ATR-ASTRA1 2.0.2
2025-11-03 16:10:13,117 [INFO] ThirdParty:1030 - CMSIS Pack Vendor :wolfSSL I-CUBE-wolfSSL 5.8.2
2025-11-03 16:10:13,117 [INFO] ThirdParty:1030 - CMSIS Pack Vendor :STMicroelectronics X-CUBE-BLE1 7.1.0
2025-11-03 16:10:13,117 [INFO] ThirdParty:1030 - CMSIS Pack Vendor :Avnet-IotConnect X-CUBE-IoTC-DA16k-PMOD 1.0.0
2025-11-03 16:10:13,117 [INFO] ThirdParty:1030 - CMSIS Pack Vendor :STMicroelectronics X-CUBE-SMBUS 2.1.0
2025-11-03 16:10:13,117 [INFO] ThirdParty:1030 - CMSIS Pack Vendor :wolfSSL I-CUBE-wolfMQTT 1.19.2
2025-11-03 16:10:13,117 [INFO] ThirdParty:1030 - CMSIS Pack Vendor :STMicroelectronics USB_DEVICE 3.0.0
2025-11-03 16:10:13,118 [INFO] ThirdParty:1030 - CMSIS Pack Vendor :STMicroelectronics X-CUBE-ISPU 2.1.0
2025-11-03 16:10:13,118 [INFO] ThirdParty:1030 - CMSIS Pack Vendor :STMicroelectronics X-CUBE-EEPRMA1 5.2.0
2025-11-03 16:10:13,118 [INFO] ThirdParty:1030 - CMSIS Pack Vendor :STMicroelectronics X-CUBE-IPS 3.2.0
2025-11-03 16:10:13,118 [INFO] ThirdParty:1030 - CMSIS Pack Vendor :STMicroelectronics X-CUBE-BLEMGR 4.1.0
2025-11-03 16:10:13,118 [INFO] ThirdParty:1030 - CMSIS Pack Vendor :STMicroelectronics X-CUBE-AZRTOS-WB 2.0.0
2025-11-03 16:10:13,118 [INFO] ThirdParty:1030 - CMSIS Pack Vendor :STMicroelectronics X-CUBE-ST60 1.0.0
2025-11-03 16:10:13,118 [INFO] ThirdParty:1030 - CMSIS Pack Vendor :STMicroelectronics X-CUBE-GNSS1 7.0.1
2025-11-03 16:10:13,118 [INFO] ThirdParty:1030 - CMSIS Pack Vendor :STMicroelectronics X-CUBE-NFC12 1.0.0
2025-11-03 16:10:13,118 [INFO] ThirdParty:1030 - CMSIS Pack Vendor :STMicroelectronics X-CUBE-AZRTOS-F7 1.1.0
2025-11-03 16:10:13,118 [INFO] ThirdParty:1030 - CMSIS Pack Vendor :STMicroelectronics X-CUBE-AZRTOS-L5 2.0.0
2025-11-03 16:10:13,118 [INFO] ThirdParty:1030 - CMSIS Pack Vendor :STMicroelectronics X-CUBE-TOUCHGFX 4.25.0
2025-11-03 16:10:13,118 [INFO] ThirdParty:1030 - CMSIS Pack Vendor :STMicroelectronics USB_DEVICE 2.0.0
2025-11-03 16:10:13,119 [INFO] ThirdParty:1030 - CMSIS Pack Vendor :STMicroelectronics X-CUBE-NFC6 3.1.0
2025-11-03 16:10:13,119 [INFO] ThirdParty:1030 - CMSIS Pack Vendor :STMicroelectronics X-CUBE-ST67W61 1.1.0
2025-11-03 16:10:13,119 [INFO] ThirdParty:1030 - CMSIS Pack Vendor :quantropi X-CUBE-qispace-sdk-base 2.1.0
2025-11-03 16:10:13,119 [INFO] ThirdParty:1030 - CMSIS Pack Vendor :STMicroelectronics FreeRTOS 0.0.1
2025-11-03 16:10:13,119 [INFO] ThirdParty:1030 - CMSIS Pack Vendor :STMicroelectronics X-CUBE-AZRTOS-G0 1.1.0
2025-11-03 16:10:13,119 [INFO] ThirdParty:1030 - CMSIS Pack Vendor :STMicroelectronics X-CUBE-SAFEA1 1.2.2
2025-11-03 16:10:13,119 [INFO] ThirdParty:1030 - CMSIS Pack Vendor :STMicroelectronics X-CUBE-NFC4 3.0.0
2025-11-03 16:10:13,119 [INFO] ThirdParty:1030 - CMSIS Pack Vendor :STMicroelectronics X-CUBE-SUBG2 5.0.0
2025-11-03 16:10:13,119 [INFO] ThirdParty:1030 - CMSIS Pack Vendor :STMicroelectronics X-CUBE-AZRTOS-H7RS 1.1.0
2025-11-03 16:10:13,119 [INFO] ThirdParty:1030 - CMSIS Pack Vendor :STMicroelectronics STM32_WPAN 1.0.0
2025-11-03 16:10:13,119 [INFO] ThirdParty:1030 - CMSIS Pack Vendor :EmbeddedOffice I-CUBE-FS-RTOS 1.0.1
2025-11-03 16:10:13,119 [INFO] ThirdParty:1030 - CMSIS Pack Vendor :STMicroelectronics lwIP 2.0.3
2025-11-03 16:10:13,119 [INFO] ThirdParty:1030 - CMSIS Pack Vendor :WES I-CUBE-Cesium 1.4.0
2025-11-03 16:10:13,119 [INFO] ThirdParty:1030 - CMSIS Pack Vendor :Cesanta I-CUBE-Mongoose 7.13.0
2025-11-03 16:10:13,120 [INFO] ThirdParty:1030 - CMSIS Pack Vendor :STMicroelectronics USB_HOST 1.0.0
2025-11-03 16:10:13,120 [INFO] ThirdParty:1030 - CMSIS Pack Vendor :Infineon AIROC-Wi-Fi-Bluetooth-STM32 1.7.1
2025-11-03 16:10:13,120 [INFO] ThirdParty:1030 - CMSIS Pack Vendor :STMicroelectronics X-CUBE-AZRTOS-G4 2.0.0
2025-11-03 16:10:13,120 [INFO] ThirdParty:1030 - CMSIS Pack Vendor :STMicroelectronics X-CUBE-WB05N 2.0.0
2025-11-03 16:10:13,120 [INFO] ThirdParty:1030 - CMSIS Pack Vendor :STMicroelectronics PDM2PCM 3.1.0
2025-11-03 16:10:13,120 [INFO] ThirdParty:1030 - CMSIS Pack Vendor :STMicroelectronics PDM2PCM 3.3.0
2025-11-03 16:10:13,120 [INFO] ThirdParty:1030 - CMSIS Pack Vendor :wolfSSL I-CUBE-wolfTPM 3.8.0
2025-11-03 16:10:13,120 [INFO] ThirdParty:1030 - CMSIS Pack Vendor :STMicroelectronics X-CUBE-AZRTOS-H7 3.4.0
2025-11-03 16:10:13,120 [INFO] ThirdParty:1030 - CMSIS Pack Vendor :STMicroelectronics X-CUBE-DISPLAY 3.0.0
2025-11-03 16:10:13,120 [INFO] ThirdParty:1030 - CMSIS Pack Vendor :wolfSSL I-CUBE-wolfSSH 1.4.20
2025-11-03 16:10:13,120 [INFO] ThirdParty:1030 - CMSIS Pack Vendor :STMicroelectronics X-CUBE-NFC7 2.0.0
2025-11-03 16:10:13,120 [INFO] ThirdParty:1030 - CMSIS Pack Vendor :STMicroelectronics X-CUBE-TCPP 4.2.0
2025-11-03 16:10:13,120 [INFO] ThirdParty:1030 - CMSIS Pack Vendor :RealThread X-CUBE-RT-Thread_Nano 4.1.1
2025-11-03 16:10:13,120 [INFO] ThirdParty:1030 - CMSIS Pack Vendor :STMicroelectronics FP-ATR-SIGFOX1 3.2.0
2025-11-03 16:10:13,120 [INFO] ThirdParty:1030 - CMSIS Pack Vendor :STMicroelectronics X-CUBE-NFC10 1.0.0
2025-11-03 16:10:13,121 [INFO] ThirdParty:1030 - CMSIS Pack Vendor :STMicroelectronics X-CUBE-FREERTOS 1.3.1
2025-11-03 16:10:13,121 [INFO] ThirdParty:1030 - CMSIS Pack Vendor :STMicroelectronics HAL Drivers 0.0.0
2025-11-03 16:10:13,121 [INFO] ThirdParty:1030 - CMSIS Pack Vendor :STMicroelectronics MBEDTLS 2.16.2
2025-11-03 16:10:13,121 [INFO] ThirdParty:1030 - CMSIS Pack Vendor :STMicroelectronics X-CUBE-ST60 1.1.0
2025-11-03 16:10:13,121 [INFO] ThirdParty:1030 - CMSIS Pack Vendor :STMicroelectronics X-CUBE-IPS 3.1.0
2025-11-03 16:10:13,121 [INFO] ThirdParty:1030 - CMSIS Pack Vendor :STMicroelectronics X-CUBE-ALS 1.0.2
2025-11-03 16:10:13,121 [INFO] ThirdParty:1030 - CMSIS Pack Vendor :emotas I-CUBE-CANOPEN 1.3.0
2025-11-03 16:10:13,121 [INFO] ThirdParty:1030 - CMSIS Pack Vendor :STMicroelectronics MBEDTLS 2.14.1
2025-11-03 16:10:13,121 [INFO] ThirdParty:1030 - CMSIS Pack Vendor :ITTIA_DB I-CUBE-ITTIADB 8.9.0
2025-11-03 16:10:13,121 [INFO] ThirdParty:1030 - CMSIS Pack Vendor :STMicroelectronics X-CUBE-TOUCHGFX 4.26.0
2025-11-03 16:10:13,121 [INFO] ThirdParty:1030 - CMSIS Pack Vendor :STMicroelectronics X-CUBE-STSE01 1.0.0
2025-11-03 16:10:13,121 [INFO] ThirdParty:1030 - CMSIS Pack Vendor :STMicroelectronics X-CUBE-ST67W61 1.0.0
2025-11-03 16:10:13,122 [INFO] ThirdParty:1030 - CMSIS Pack Vendor :STMicroelectronics FP-SNS-STBOX1 2.1.0
2025-11-03 16:10:13,122 [INFO] ThirdParty:1030 - CMSIS Pack Vendor :STMicroelectronics X-CUBE-AI 10.2.0
2025-11-03 16:10:13,122 [INFO] ThirdParty:1030 - CMSIS Pack Vendor :STMicroelectronics FP-SNS-STAIOTCFT 1.0.0
2025-11-03 16:10:13,122 [INFO] ThirdParty:1030 - CMSIS Pack Vendor :STMicroelectronics ThreadX 1.0.0
2025-11-03 16:10:13,123 [INFO] ThirdParty:1030 - CMSIS Pack Vendor :STMicroelectronics FP-SNS-SMARTAG2 1.2.0
2025-11-03 16:10:13,123 [INFO] ThirdParty:1030 - CMSIS Pack Vendor :STMicroelectronics FP-SNS-FLIGHT1 5.1.0
2025-11-03 16:10:13,123 [INFO] ThirdParty:1030 - CMSIS Pack Vendor :STMicroelectronics X-CUBE-AZRTOS-WL 2.0.0
2025-11-03 16:10:13,123 [INFO] ThirdParty:1030 - CMSIS Pack Vendor :SEGGER I-CUBE-embOS 1.3.1
2025-11-03 16:10:13,123 [INFO] ThirdParty:1030 - CMSIS Pack Vendor :STMicroelectronics X-CUBE-ALGOBUILD 1.4.0
2025-11-03 16:10:13,123 [INFO] ThirdParty:1030 - CMSIS Pack Vendor :STMicroelectronics X-CUBE-DPower 1.3.0
2025-11-03 16:10:13,123 [INFO] ThirdParty:1030 - CMSIS Pack Vendor :STMicroelectronics X-CUBE-MEMS1 11.3.0
2025-11-03 16:10:13,123 [INFO] ThirdParty:1030 - CMSIS Pack Vendor :STMicroelectronics FP-SNS-MOTENV1 5.0.0
2025-11-03 16:10:13,123 [INFO] ThirdParty:1030 - CMSIS Pack Vendor :STMicroelectronics USB_DEVICE 1.0.0
2025-11-03 16:10:13,123 [INFO] ThirdParty:1030 - CMSIS Pack Vendor :STMicroelectronics X-CUBE-AZRTOS-L4 2.0.0
2025-11-03 16:10:13,124 [INFO] ThirdParty:1030 - CMSIS Pack Vendor :STMicroelectronics ThreadX 0.0.2
2025-11-03 16:10:13,124 [INFO] ThirdParty:1030 - CMSIS Pack Vendor :STMicroelectronics lwIP 2.1.2
2025-11-03 16:10:13,124 [INFO] ThirdParty:1030 - CMSIS Pack Vendor :STMicroelectronics X-CUBE-SFXS2LP1 4.0.0
2025-11-03 16:10:13,124 [INFO] ThirdParty:1030 - CMSIS Pack Vendor :STMicroelectronics X-CUBE-BLE2 3.3.0
2025-11-03 16:10:13,124 [INFO] ThirdParty:1030 - CMSIS Pack Vendor :STMicroelectronics X-CUBE-TOF1 3.4.3
2025-11-03 16:10:13,124 [INFO] ThirdParty:1030 - CMSIS Pack Vendor :STMicroelectronics PDM2PCM 3.2.0
2025-11-03 16:10:13,124 [INFO] ThirdParty:841 - exiting critical section [change project]
2025-11-03 16:10:14,117 [INFO] PinOutPanel:1589 - setPackage(No Configuration,No Configuration)
2025-11-03 16:10:14,118 [INFO] PinOutPanel:1589 - setPackage(STM32L475VGTx,LQFP100)
2025-11-03 16:10:15,407 [INFO] UtilMem:75 - Before build in PCC Used Memory: 318664600 Bytes (811597824)
2025-11-03 16:10:16,762 [INFO] UtilMem:75 - After build in PCC Used Memory: 548822336 Bytes (811597824)
2025-11-03 16:10:16,919 [INFO] ApiDbMcu:532 - Load IP Config File for FREERTOS
2025-11-03 16:10:16,963 [INFO] IPUIPlugin:80 - create IPUIPlugin
2025-11-03 16:10:16,963 [INFO] IPUIPlugin:80 - create IPUIPlugin
2025-11-03 16:10:16,963 [INFO] IPUIPlugin:80 - create IPUIPlugin
2025-11-03 16:10:16,963 [INFO] IPUIPlugin:80 - create IPUIPlugin
2025-11-03 16:10:16,963 [INFO] IPUIPlugin:80 - create IPUIPlugin
2025-11-03 16:10:16,964 [INFO] IPUIPlugin:80 - create IPUIPlugin
2025-11-03 16:10:16,964 [INFO] IPUIPlugin:80 - create IPUIPlugin
2025-11-03 16:10:16,964 [INFO] IPUIPlugin:80 - create IPUIPlugin
2025-11-03 16:10:16,964 [INFO] IPUIPlugin:80 - create IPUIPlugin
2025-11-03 16:10:16,964 [INFO] IPUIPlugin:80 - create IPUIPlugin
2025-11-03 16:10:16,964 [INFO] IPUIPlugin:80 - create IPUIPlugin
2025-11-03 16:10:16,964 [INFO] IPUIPlugin:80 - create IPUIPlugin
2025-11-03 16:10:16,965 [INFO] IPUIPlugin:80 - create IPUIPlugin
2025-11-03 16:10:16,965 [INFO] IPUIPlugin:80 - create IPUIPlugin
2025-11-03 16:10:16,965 [INFO] IPUIPlugin:80 - create IPUIPlugin
2025-11-03 16:10:16,965 [INFO] IPUIPlugin:80 - create IPUIPlugin
2025-11-03 16:10:16,965 [INFO] IPUIPlugin:80 - create IPUIPlugin
2025-11-03 16:10:16,965 [INFO] IPUIPlugin:80 - create IPUIPlugin
2025-11-03 16:10:16,966 [INFO] IPUIPlugin:80 - create IPUIPlugin
2025-11-03 16:10:16,966 [INFO] IPUIPlugin:80 - create IPUIPlugin
2025-11-03 16:10:16,966 [INFO] IPUIPlugin:80 - create IPUIPlugin
2025-11-03 16:10:16,966 [INFO] IPUIPlugin:80 - create IPUIPlugin
2025-11-03 16:10:16,966 [INFO] IPUIPlugin:80 - create IPUIPlugin
2025-11-03 16:10:16,966 [INFO] IPUIPlugin:80 - create IPUIPlugin
2025-11-03 16:10:16,966 [INFO] IPUIPlugin:80 - create IPUIPlugin
2025-11-03 16:10:16,966 [INFO] IPUIPlugin:80 - create IPUIPlugin
2025-11-03 16:10:16,967 [INFO] IPUIPlugin:80 - create IPUIPlugin
2025-11-03 16:10:16,967 [INFO] IPUIPlugin:80 - create IPUIPlugin
2025-11-03 16:10:16,967 [INFO] IPUIPlugin:80 - create IPUIPlugin
2025-11-03 16:10:16,967 [INFO] IPUIPlugin:80 - create IPUIPlugin
2025-11-03 16:10:16,967 [INFO] IPUIPlugin:80 - create IPUIPlugin
2025-11-03 16:10:16,968 [INFO] IPUIPlugin:80 - create IPUIPlugin
2025-11-03 16:10:16,968 [INFO] IPUIPlugin:80 - create IPUIPlugin
2025-11-03 16:10:16,968 [INFO] IPUIPlugin:80 - create IPUIPlugin
2025-11-03 16:10:16,968 [INFO] IPUIPlugin:80 - create IPUIPlugin
2025-11-03 16:10:16,968 [INFO] IPUIPlugin:80 - create IPUIPlugin
2025-11-03 16:10:16,969 [INFO] IPUIPlugin:80 - create IPUIPlugin
2025-11-03 16:10:16,969 [INFO] IPUIPlugin:80 - create IPUIPlugin
2025-11-03 16:10:16,969 [INFO] IPUIPlugin:80 - create IPUIPlugin
2025-11-03 16:10:16,969 [INFO] IPUIPlugin:80 - create IPUIPlugin
2025-11-03 16:10:16,969 [INFO] IPUIPlugin:80 - create IPUIPlugin
2025-11-03 16:10:16,969 [INFO] IPUIPlugin:80 - create IPUIPlugin
2025-11-03 16:10:16,969 [INFO] IPUIPlugin:80 - create IPUIPlugin
2025-11-03 16:10:16,970 [INFO] IPUIPlugin:80 - create IPUIPlugin
2025-11-03 16:10:16,970 [INFO] IPUIPlugin:80 - create IPUIPlugin
2025-11-03 16:10:16,970 [INFO] IPUIPlugin:80 - create IPUIPlugin
2025-11-03 16:10:16,970 [INFO] IPUIPlugin:80 - create IPUIPlugin
2025-11-03 16:10:16,970 [INFO] IPUIPlugin:80 - create IPUIPlugin
2025-11-03 16:10:16,970 [INFO] IPUIPlugin:80 - create IPUIPlugin
2025-11-03 16:10:16,970 [INFO] IPUIPlugin:80 - create IPUIPlugin
2025-11-03 16:10:16,971 [INFO] IPUIPlugin:80 - create IPUIPlugin
2025-11-03 16:10:16,971 [INFO] IPUIPlugin:80 - create IPUIPlugin
2025-11-03 16:10:16,971 [INFO] IPUIPlugin:80 - create IPUIPlugin
2025-11-03 16:10:16,971 [INFO] IPUIPlugin:80 - create IPUIPlugin
2025-11-03 16:10:16,971 [INFO] IPUIPlugin:80 - create IPUIPlugin
2025-11-03 16:10:16,971 [INFO] IPUIPlugin:80 - create IPUIPlugin
2025-11-03 16:10:16,972 [INFO] IPUIPlugin:80 - create IPUIPlugin
2025-11-03 16:10:16,972 [INFO] IPUIPlugin:80 - create IPUIPlugin
2025-11-03 16:10:16,972 [INFO] IPUIPlugin:80 - create IPUIPlugin
2025-11-03 16:10:17,030 [WARN] FreeRTOS:1023 - Null or empty value: should not occur! (nothing added to the table)
2025-11-03 16:10:17,409 [INFO] CADModel:165 - CPN selected for project levelSTM32L475VGT6
2025-11-03 16:10:17,409 [INFO] CADModel:114 - Register for checkConnection events
2025-11-03 16:10:17,412 [INFO] RtosManager:728 - Active RTOS found at IOC load: FREERTOS [Cortex-M4NS]
2025-11-03 16:10:17,455 [INFO] OpenFileManager:386 - Restore cursor
2025-11-03 16:10:19,829 [INFO] UtilMem:75 - End SaveConfig() Used Memory: 321281344 Bytes (811597824)
2025-11-03 16:10:19,915 [INFO] UtilMem:75 - End SaveConfig() Used Memory: 350119232 Bytes (811597824)
2025-11-03 16:10:20,631 [INFO] BlockDiagram:2775 - set Specific Code input for plugin: FREERTOS
2025-11-03 16:10:20,631 [INFO] BlockDiagram:2775 - set Specific Code input for plugin: SYS
2025-11-03 16:10:20,631 [INFO] BlockDiagram:2775 - set Specific Code input for plugin: RCC
2025-11-03 16:10:20,631 [INFO] BlockDiagram:2775 - set Specific Code input for plugin: NVIC
2025-11-03 16:10:20,632 [INFO] BlockDiagram:2775 - set Specific Code input for plugin: GPIO
2025-11-03 16:10:20,632 [INFO] CodeGenerator:892 - code generatio: config db path: /opt/st/stm32cubeide_1.19.0/plugins/com.st.stm32cube.common.mx_6.15.0.202507011659//db/
2025-11-03 16:10:21,008 [INFO] CodeEngine:265 - oldGeneratedFile, /home/pinkyflowy/Escritorio/Sistemas-Empotrados-en-Tiempo-Real/Practica 2/MXTmpFiles/license.tmp_save
2025-11-03 16:10:22,026 [INFO] CodeEngine:289 - Generated code: /home/pinkyflowy/Escritorio/Sistemas-Empotrados-en-Tiempo-Real/Practica 2/MXTmpFiles/license.tmp
2025-11-03 16:10:22,576 [INFO] CodeEngine:265 - oldGeneratedFile, /home/pinkyflowy/Escritorio/Sistemas-Empotrados-en-Tiempo-Real/Practica 2/MXTmpFiles/gpio.tmp_save
2025-11-03 16:10:22,727 [INFO] CodeEngine:289 - Generated code: /home/pinkyflowy/Escritorio/Sistemas-Empotrados-en-Tiempo-Real/Practica 2/MXTmpFiles/gpio.tmp
2025-11-03 16:10:22,921 [INFO] Middleware:1452 - No code input for Bsp Dependency
2025-11-03 16:10:22,973 [INFO] CodeEngine:265 - oldGeneratedFile, /home/pinkyflowy/Escritorio/Sistemas-Empotrados-en-Tiempo-Real/Practica 2/MXTmpFiles/rtos_inc.tmp_save
2025-11-03 16:10:23,054 [INFO] CodeEngine:289 - Generated code: /home/pinkyflowy/Escritorio/Sistemas-Empotrados-en-Tiempo-Real/Practica 2/MXTmpFiles/rtos_inc.tmp
2025-11-03 16:10:23,057 [INFO] CodeEngine:265 - oldGeneratedFile, /home/pinkyflowy/Escritorio/Sistemas-Empotrados-en-Tiempo-Real/Practica 2/MXTmpFiles/rtos_kernelInit.tmp_save
2025-11-03 16:10:23,143 [INFO] CodeEngine:289 - Generated code: /home/pinkyflowy/Escritorio/Sistemas-Empotrados-en-Tiempo-Real/Practica 2/MXTmpFiles/rtos_kernelInit.tmp
2025-11-03 16:10:23,185 [INFO] CodeEngine:265 - oldGeneratedFile, /home/pinkyflowy/Escritorio/Sistemas-Empotrados-en-Tiempo-Real/Practica 2/MXTmpFiles/rtos_kernelStart.tmp_save
2025-11-03 16:10:23,252 [INFO] CodeEngine:289 - Generated code: /home/pinkyflowy/Escritorio/Sistemas-Empotrados-en-Tiempo-Real/Practica 2/MXTmpFiles/rtos_kernelStart.tmp
2025-11-03 16:10:23,254 [INFO] CodeEngine:265 - oldGeneratedFile, /home/pinkyflowy/Escritorio/Sistemas-Empotrados-en-Tiempo-Real/Practica 2/MXTmpFiles/rtos_typedefs.tmp_save
2025-11-03 16:10:23,329 [INFO] CodeEngine:289 - Generated code: /home/pinkyflowy/Escritorio/Sistemas-Empotrados-en-Tiempo-Real/Practica 2/MXTmpFiles/rtos_typedefs.tmp
2025-11-03 16:10:23,352 [INFO] CodeEngine:265 - oldGeneratedFile, /home/pinkyflowy/Escritorio/Sistemas-Empotrados-en-Tiempo-Real/Practica 2/MXTmpFiles/rtos_vars.tmp_save
2025-11-03 16:10:23,424 [INFO] CodeEngine:289 - Generated code: /home/pinkyflowy/Escritorio/Sistemas-Empotrados-en-Tiempo-Real/Practica 2/MXTmpFiles/rtos_vars.tmp
2025-11-03 16:10:23,426 [INFO] CodeEngine:265 - oldGeneratedFile, /home/pinkyflowy/Escritorio/Sistemas-Empotrados-en-Tiempo-Real/Practica 2/MXTmpFiles/rtos_pfp.tmp_save
2025-11-03 16:10:23,502 [INFO] CodeEngine:289 - Generated code: /home/pinkyflowy/Escritorio/Sistemas-Empotrados-en-Tiempo-Real/Practica 2/MXTmpFiles/rtos_pfp.tmp
2025-11-03 16:10:23,504 [INFO] CodeEngine:265 - oldGeneratedFile, /home/pinkyflowy/Escritorio/Sistemas-Empotrados-en-Tiempo-Real/Practica 2/MXTmpFiles/rtos_obj_creat.tmp_save
2025-11-03 16:10:23,578 [INFO] CodeEngine:289 - Generated code: /home/pinkyflowy/Escritorio/Sistemas-Empotrados-en-Tiempo-Real/Practica 2/MXTmpFiles/rtos_obj_creat.tmp
2025-11-03 16:10:23,612 [INFO] CodeEngine:265 - oldGeneratedFile, /home/pinkyflowy/Escritorio/Sistemas-Empotrados-en-Tiempo-Real/Practica 2/MXTmpFiles/rtos_default_thread.tmp_save
2025-11-03 16:10:23,686 [INFO] CodeEngine:289 - Generated code: /home/pinkyflowy/Escritorio/Sistemas-Empotrados-en-Tiempo-Real/Practica 2/MXTmpFiles/rtos_default_thread.tmp
2025-11-03 16:10:23,688 [INFO] CodeEngine:265 - oldGeneratedFile, /home/pinkyflowy/Escritorio/Sistemas-Empotrados-en-Tiempo-Real/Practica 2/MXTmpFiles/rtos_threads.tmp_save
2025-11-03 16:10:23,755 [INFO] CodeEngine:289 - Generated code: /home/pinkyflowy/Escritorio/Sistemas-Empotrados-en-Tiempo-Real/Practica 2/MXTmpFiles/rtos_threads.tmp
2025-11-03 16:10:23,766 [INFO] Middleware:1452 - No code input for Bsp Dependency
2025-11-03 16:10:23,769 [INFO] CodeEngine:265 - oldGeneratedFile, /home/pinkyflowy/Escritorio/Sistemas-Empotrados-en-Tiempo-Real/Practica 2/MXTmpFiles/rtos_inc.tmp_save
2025-11-03 16:10:23,848 [INFO] CodeEngine:289 - Generated code: /home/pinkyflowy/Escritorio/Sistemas-Empotrados-en-Tiempo-Real/Practica 2/MXTmpFiles/rtos_inc.tmp
2025-11-03 16:10:23,849 [INFO] CodeEngine:265 - oldGeneratedFile, /home/pinkyflowy/Escritorio/Sistemas-Empotrados-en-Tiempo-Real/Practica 2/MXTmpFiles/rtos_kernelInit.tmp_save
2025-11-03 16:10:23,954 [INFO] CodeEngine:289 - Generated code: /home/pinkyflowy/Escritorio/Sistemas-Empotrados-en-Tiempo-Real/Practica 2/MXTmpFiles/rtos_kernelInit.tmp
2025-11-03 16:10:23,956 [INFO] CodeEngine:265 - oldGeneratedFile, /home/pinkyflowy/Escritorio/Sistemas-Empotrados-en-Tiempo-Real/Practica 2/MXTmpFiles/rtos_kernelStart.tmp_save
2025-11-03 16:10:24,018 [INFO] CodeEngine:289 - Generated code: /home/pinkyflowy/Escritorio/Sistemas-Empotrados-en-Tiempo-Real/Practica 2/MXTmpFiles/rtos_kernelStart.tmp
2025-11-03 16:10:24,020 [INFO] CodeEngine:265 - oldGeneratedFile, /home/pinkyflowy/Escritorio/Sistemas-Empotrados-en-Tiempo-Real/Practica 2/MXTmpFiles/rtos_typedefs.tmp_save
2025-11-03 16:10:24,082 [INFO] CodeEngine:289 - Generated code: /home/pinkyflowy/Escritorio/Sistemas-Empotrados-en-Tiempo-Real/Practica 2/MXTmpFiles/rtos_typedefs.tmp
2025-11-03 16:10:24,084 [INFO] CodeEngine:265 - oldGeneratedFile, /home/pinkyflowy/Escritorio/Sistemas-Empotrados-en-Tiempo-Real/Practica 2/MXTmpFiles/rtos_vars.tmp_save
2025-11-03 16:10:24,151 [INFO] CodeEngine:289 - Generated code: /home/pinkyflowy/Escritorio/Sistemas-Empotrados-en-Tiempo-Real/Practica 2/MXTmpFiles/rtos_vars.tmp
2025-11-03 16:10:24,153 [INFO] CodeEngine:265 - oldGeneratedFile, /home/pinkyflowy/Escritorio/Sistemas-Empotrados-en-Tiempo-Real/Practica 2/MXTmpFiles/rtos_pfp.tmp_save
2025-11-03 16:10:24,214 [INFO] CodeEngine:289 - Generated code: /home/pinkyflowy/Escritorio/Sistemas-Empotrados-en-Tiempo-Real/Practica 2/MXTmpFiles/rtos_pfp.tmp
2025-11-03 16:10:24,215 [INFO] CodeEngine:265 - oldGeneratedFile, /home/pinkyflowy/Escritorio/Sistemas-Empotrados-en-Tiempo-Real/Practica 2/MXTmpFiles/rtos_obj_creat.tmp_save
2025-11-03 16:10:24,286 [INFO] CodeEngine:289 - Generated code: /home/pinkyflowy/Escritorio/Sistemas-Empotrados-en-Tiempo-Real/Practica 2/MXTmpFiles/rtos_obj_creat.tmp
2025-11-03 16:10:24,288 [INFO] CodeEngine:265 - oldGeneratedFile, /home/pinkyflowy/Escritorio/Sistemas-Empotrados-en-Tiempo-Real/Practica 2/MXTmpFiles/rtos_default_thread.tmp_save
2025-11-03 16:10:24,348 [INFO] CodeEngine:289 - Generated code: /home/pinkyflowy/Escritorio/Sistemas-Empotrados-en-Tiempo-Real/Practica 2/MXTmpFiles/rtos_default_thread.tmp
2025-11-03 16:10:24,350 [INFO] CodeEngine:265 - oldGeneratedFile, /home/pinkyflowy/Escritorio/Sistemas-Empotrados-en-Tiempo-Real/Practica 2/MXTmpFiles/rtos_threads.tmp_save
2025-11-03 16:10:24,406 [INFO] CodeEngine:289 - Generated code: /home/pinkyflowy/Escritorio/Sistemas-Empotrados-en-Tiempo-Real/Practica 2/MXTmpFiles/rtos_threads.tmp
2025-11-03 16:10:24,437 [INFO] CodeEngine:265 - oldGeneratedFile, /home/pinkyflowy/Escritorio/Sistemas-Empotrados-en-Tiempo-Real/Practica 2/Core/Inc/FreeRTOSConfig.h_save
2025-11-03 16:10:24,530 [INFO] CodeEngine:289 - Generated code: /home/pinkyflowy/Escritorio/Sistemas-Empotrados-en-Tiempo-Real/Practica 2/Core/Inc/FreeRTOSConfig.h
2025-11-03 16:10:24,532 [INFO] CodeEngine:265 - oldGeneratedFile, /home/pinkyflowy/Escritorio/Sistemas-Empotrados-en-Tiempo-Real/Practica 2/Core/Src/freertos.c_save
2025-11-03 16:10:24,664 [INFO] CodeEngine:289 - Generated code: /home/pinkyflowy/Escritorio/Sistemas-Empotrados-en-Tiempo-Real/Practica 2/Core/Src/freertos.c
2025-11-03 16:10:24,694 [INFO] CodeEngine:265 - oldGeneratedFile, /home/pinkyflowy/Escritorio/Sistemas-Empotrados-en-Tiempo-Real/Practica 2/Core/Src/stm32l4xx_it.c_save
2025-11-03 16:10:24,808 [INFO] CodeEngine:289 - Generated code: /home/pinkyflowy/Escritorio/Sistemas-Empotrados-en-Tiempo-Real/Practica 2/Core/Src/stm32l4xx_it.c
2025-11-03 16:10:24,810 [INFO] CodeEngine:265 - oldGeneratedFile, /home/pinkyflowy/Escritorio/Sistemas-Empotrados-en-Tiempo-Real/Practica 2/Core/Inc/stm32l4xx_it.h_save
2025-11-03 16:10:24,879 [INFO] CodeEngine:289 - Generated code: /home/pinkyflowy/Escritorio/Sistemas-Empotrados-en-Tiempo-Real/Practica 2/Core/Inc/stm32l4xx_it.h
2025-11-03 16:10:24,904 [INFO] CodeEngine:265 - oldGeneratedFile, /home/pinkyflowy/Escritorio/Sistemas-Empotrados-en-Tiempo-Real/Practica 2/Core/Src/stm32l4xx_hal_msp.c_save
2025-11-03 16:10:25,010 [INFO] CodeEngine:289 - Generated code: /home/pinkyflowy/Escritorio/Sistemas-Empotrados-en-Tiempo-Real/Practica 2/Core/Src/stm32l4xx_hal_msp.c
2025-11-03 16:10:25,014 [INFO] CodeEngine:265 - oldGeneratedFile, /home/pinkyflowy/Escritorio/Sistemas-Empotrados-en-Tiempo-Real/Practica 2/MXTmpFiles/system.tmp_save
2025-11-03 16:10:25,081 [INFO] CodeEngine:289 - Generated code: /home/pinkyflowy/Escritorio/Sistemas-Empotrados-en-Tiempo-Real/Practica 2/MXTmpFiles/system.tmp
2025-11-03 16:10:25,082 [INFO] CodeEngine:265 - oldGeneratedFile, /home/pinkyflowy/Escritorio/Sistemas-Empotrados-en-Tiempo-Real/Practica 2/Core/Src/stm32l4xx_hal_timebase_tim.c_save
2025-11-03 16:10:25,145 [INFO] CodeEngine:289 - Generated code: /home/pinkyflowy/Escritorio/Sistemas-Empotrados-en-Tiempo-Real/Practica 2/Core/Src/stm32l4xx_hal_timebase_tim.c
2025-11-03 16:10:25,175 [INFO] CodeEngine:321 - oldGeneratedFile, /home/pinkyflowy/Escritorio/Sistemas-Empotrados-en-Tiempo-Real/Practica 2/Core/Inc/stm32l4xx_hal_conf.h_save
2025-11-03 16:10:25,248 [INFO] CodeEngine:345 - Generated code: /home/pinkyflowy/Escritorio/Sistemas-Empotrados-en-Tiempo-Real/Practica 2/Core/Inc/stm32l4xx_hal_conf.h
2025-11-03 16:10:25,320 [INFO] ApiDbMcu:532 - Load IP Config File for RCC
2025-11-03 16:10:25,339 [INFO] CodeEngine:265 - oldGeneratedFile, /home/pinkyflowy/Escritorio/Sistemas-Empotrados-en-Tiempo-Real/Practica 2/Core/Inc/main.h_save
2025-11-03 16:10:25,452 [INFO] CodeEngine:289 - Generated code: /home/pinkyflowy/Escritorio/Sistemas-Empotrados-en-Tiempo-Real/Practica 2/Core/Inc/main.h
2025-11-03 16:10:25,482 [INFO] CodeEngine:265 - oldGeneratedFile, /home/pinkyflowy/Escritorio/Sistemas-Empotrados-en-Tiempo-Real/Practica 2/Core/Src/main.c_save
2025-11-03 16:10:25,607 [INFO] CodeEngine:289 - Generated code: /home/pinkyflowy/Escritorio/Sistemas-Empotrados-en-Tiempo-Real/Practica 2/Core/Src/main.c
2025-11-03 16:10:28,805 [INFO] ProjectBuilder:3606 - Time for Copy HAL[1] : 2728mS.
2025-11-03 16:10:28,816 [INFO] ProjectBuilder:5216 - Project Generator version: 4.7.0-B52
2025-11-03 16:10:28,936 [INFO] ConfigFileManager:1595 - The Die is : DIE415
2025-11-03 16:10:29,041 [INFO] ApiDbMcu:532 - Load IP Config File for FATFS
2025-11-03 16:10:29,117 [INFO] ApiDbMcu:532 - Load IP Config File for TOUCHSENSING
2025-11-03 16:10:29,156 [INFO] ApiDbMcu:532 - Load IP Config File for USB_DEVICE
2025-11-03 16:10:29,237 [INFO] ApiDbMcu:532 - Load IP Config File for USB_HOST
2025-11-03 16:10:31,276 [INFO] LogOutputStream:77 - [STDOUT_REDIRECT] 
2025-11-03 16:10:47,783 [INFO] ProjectBuilder:5496 - Time for Generating toolchain IDE Files: 18966mS.
2025-11-03 16:10:47,783 [INFO] ProjectBuilder:3463 - Time for Copy CMSIS : 0mS.
2025-11-03 16:10:47,785 [INFO] ProjectBuilder:3463 - Time for Copy CMSIS : 0mS.
2025-11-03 16:10:48,715 [INFO] McuFinderGlobals:76 - Set McuFinderConnectedMode to true
2025-11-03 16:10:48,774 [INFO] ApiDb:448 - Save user favorites file /home/pinkyflowy/.stm32cubeide/favorites.mcus.txt: 0 item(s)
2025-11-03 16:10:48,774 [INFO] ApiDb:452 - User favorites MCUs=[]
2025-11-03 16:11:56,920 [INFO] MainUpdater:2872 - connection check result : 10
2025-11-03 16:11:57,092 [INFO] McuFinderGlobals:76 - Set McuFinderConnectedMode to true
2025-11-03 16:11:57,093 [INFO] MultiScanPanel:200 - Auto-refresh data requested => check proxy status ongoing
2025-11-03 16:11:57,094 [INFO] FinderPluginLoader:96 - Searching for filters in installed packs
2025-11-03 16:11:59,240 [INFO] LoadUrlFilesThread:185 - End of LoadServerUrlFiles without Thread
2025-11-03 16:11:59,241 [INFO] DetailPanel:341 - Set advertising image to /home/pinkyflowy/STM32Cube/Repository//en.mcu-finder-stm32n6dk.jpg
2025-11-03 16:12:04,269 [INFO] MultiScanPanel:200 - Auto-refresh data requested => check proxy status ongoing
2025-11-03 16:12:04,380 [INFO] LoadUrlFilesThread:185 - End of LoadServerUrlFiles without Thread
2025-11-03 16:12:04,380 [INFO] DetailPanel:341 - Set advertising image to /home/pinkyflowy/STM32Cube/Repository//en.mcu-finder-stm32n6dk.jpg
2025-11-03 16:12:04,388 [INFO] DbBoards:642 - Loading board mini-images...
2025-11-03 16:12:06,488 [ERROR] DbBoards:659 - Image file not found for board STM32MP215F-DK: /home/pinkyflowy/.stmcufinder/plugins/mcufinder//mcu//boards_images/STM32MP215F-DK.jpg
2025-11-03 16:12:06,632 [INFO] DbBoards:665 - Loaded 211 board mini-images
2025-11-03 16:12:13,207 [INFO] ApiDb:581 - Connected to CubeFinder SQLite database (/home/pinkyflowy/.stmcufinder/plugins/mcufinder/mcu/cube-finder-db.db)
2025-11-03 16:13:19,119 [INFO] MainUpdater:2872 - connection check result : 10
2025-11-03 16:13:19,120 [INFO] MainUpdater:2872 - connection check result : 10
2025-11-03 16:13:19,557 [INFO] MicroXplorer:468 - Change Database Path : 
2025-11-03 16:13:19,557 [INFO] MicroXplorer:498 - Change Database Version : DB.6.0.150
2025-11-03 16:13:19,586 [ERROR] ProjectManagerView:395 - 
java.lang.NullPointerException: Cannot invoke "javax.swing.JTextField.getText()" because the return value of "java.util.List.get(int)" is null
	at com.st.microxplorer.plugins.projectmanager.gui.ProjectChoiceTab$9.caretUpdate(ProjectChoiceTab.java:2706) ~[filemanager.jar:?]
	at javax.swing.text.JTextComponent.fireCaretUpdate(JTextComponent.java:408) ~[?:?]
	at javax.swing.text.JTextComponent$MutableCaretEvent.fire(JTextComponent.java:4484) ~[?:?]
	at javax.swing.text.JTextComponent$MutableCaretEvent.stateChanged(JTextComponent.java:4506) ~[?:?]
	at javax.swing.text.DefaultCaret.fireStateChanged(DefaultCaret.java:857) ~[?:?]
	at javax.swing.text.DefaultCaret.changeCaretPosition(DefaultCaret.java:1343) ~[?:?]
	at javax.swing.text.DefaultCaret.handleSetDot(DefaultCaret.java:1242) ~[?:?]
	at javax.swing.text.DefaultCaret.setDot(DefaultCaret.java:1223) ~[?:?]
	at javax.swing.text.DefaultCaret$Handler.insertUpdate(DefaultCaret.java:1819) ~[?:?]
	at javax.swing.text.AbstractDocument.fireInsertUpdate(AbstractDocument.java:227) ~[?:?]
	at javax.swing.text.AbstractDocument.handleInsertString(AbstractDocument.java:781) ~[?:?]
	at javax.swing.text.AbstractDocument.insertString(AbstractDocument.java:740) ~[?:?]
	at javax.swing.text.PlainDocument.insertString(PlainDocument.java:131) ~[?:?]
	at javax.swing.text.AbstractDocument.replace(AbstractDocument.java:699) ~[?:?]
	at javax.swing.text.JTextComponent.setText(JTextComponent.java:1725) ~[?:?]
	at com.st.microxplorer.plugins.projectmanager.gui.ProjectChoiceTab.createHeapStackFields(ProjectChoiceTab.java:993) ~[filemanager.jar:?]
	at com.st.microxplorer.plugins.projectmanager.gui.ProjectChoiceTab.buildLinkSettingsPanel(ProjectChoiceTab.java:3813) ~[filemanager.jar:?]
	at com.st.microxplorer.plugins.projectmanager.gui.ProjectChoiceTab.defineWindowsFields(ProjectChoiceTab.java:1987) ~[filemanager.jar:?]
	at com.st.microxplorer.plugins.projectmanager.gui.ProjectChoiceTab.updateSettings(ProjectChoiceTab.java:558) ~[filemanager.jar:?]
	at com.st.microxplorer.plugins.projectmanager.gui.ProjectSettingsPanel.UpdateDialog(ProjectSettingsPanel.java:247) ~[filemanager.jar:?]
	at com.st.microxplorer.plugins.projectmanager.ProjectManagerView.propertyChange(ProjectManagerView.java:392) ~[filemanager.jar:?]
	at java.beans.PropertyChangeSupport.fire(PropertyChangeSupport.java:343) ~[?:?]
	at java.beans.PropertyChangeSupport.firePropertyChange(PropertyChangeSupport.java:335) ~[?:?]
	at java.beans.PropertyChangeSupport.firePropertyChange(PropertyChangeSupport.java:268) ~[?:?]
	at com.st.microxplorer.util.MXPropertyChangeSupport.firePropertyChange(MXPropertyChangeSupport.java:54) ~[STM32CubeMX.jar:?]
	at com.st.microxplorer.mxsystem.MxSystem.closeConfig(MxSystem.java:899) ~[STM32CubeMX.jar:?]
	at com.st.microxplorer.maingui.MainPanel.closeConfig(MainPanel.java:792) ~[STM32CubeMX.jar:?]
	at com.st.microxplorer.plugins.filemanager.engine.OpenFileManager.loadConfigurationFile(OpenFileManager.java:288) ~[filemanager.jar:?]
	at com.st.microxplorer.plugins.filemanager.engine.MainFileManager.userLoadConfig(MainFileManager.java:364) ~[filemanager.jar:?]
	at com.st.microxplorer.plugins.filemanager.FileManagerView.getSpecificTask(FileManagerView.java:268) ~[filemanager.jar:?]
	at com.st.stm32cube.common.mx.editor.CubeMxEditor.getMxTabbedPaneInstance(CubeMxEditor.java:1191) ~[com.st.stm32cube.common.mx_6.15.0.202507011659/:?]
	at com.st.stm32cube.common.mx.editor.CubeMxEditor$12$1.createSwingComponent(CubeMxEditor.java:1068) ~[com.st.stm32cube.common.mx_6.15.0.202507011659/:?]
	at com.st.stm32cube.common.mx.oss.core.awtswtbridge.EmbeddedSwingComposite.doComponentCreation(EmbeddedSwingComposite.java:492) ~[com.st.stm32cube.common.mx.oss_6.15.0.202507011659/:?]
	at com.st.stm32cube.common.mx.oss.core.awtswtbridge.EmbeddedSwingComposite$4.run(EmbeddedSwingComposite.java:291) ~[com.st.stm32cube.common.mx.oss_6.15.0.202507011659/:?]
	at com.st.stm32cube.common.mx.oss.core.awtswtbridge.AwtEnvironment$2.run(AwtEnvironment.java:166) ~[com.st.stm32cube.common.mx.oss_6.15.0.202507011659/:?]
	at java.awt.event.InvocationEvent.dispatch(InvocationEvent.java:318) ~[?:?]
	at java.awt.EventQueue.dispatchEventImpl(EventQueue.java:773) ~[?:?]
	at java.awt.EventQueue$4.run(EventQueue.java:720) ~[?:?]
	at java.awt.EventQueue$4.run(EventQueue.java:714) ~[?:?]
	at java.security.AccessController.doPrivileged(AccessController.java:400) ~[?:?]
	at java.security.ProtectionDomain$JavaSecurityAccessImpl.doIntersectionPrivilege(ProtectionDomain.java:87) ~[?:?]
	at java.awt.EventQueue.dispatchEvent(EventQueue.java:742) ~[?:?]
	at java.awt.EventDispatchThread.pumpOneEventForFilters(EventDispatchThread.java:203) ~[?:?]
	at java.awt.EventDispatchThread.pumpEventsForFilter(EventDispatchThread.java:124) ~[?:?]
	at java.awt.EventDispatchThread.pumpEventsForHierarchy(EventDispatchThread.java:113) ~[?:?]
	at java.awt.EventDispatchThread.pumpEvents(EventDispatchThread.java:109) ~[?:?]
	at java.awt.EventDispatchThread.pumpEvents(EventDispatchThread.java:101) ~[?:?]
	at java.awt.EventDispatchThread.run(EventDispatchThread.java:90) ~[?:?]
2025-11-03 16:13:19,726 [WARN] ThirdParty:871 - waiting for thirdparty lock release [close project]
2025-11-03 16:13:19,726 [INFO] ThirdParty:873 - entering critical section [close project]
2025-11-03 16:13:19,726 [INFO] ThirdParty:883 - exiting critical section [close project]
2025-11-03 16:13:19,728 [INFO] PinOutPanel:1589 - setPackage(No Configuration,No Configuration)
2025-11-03 16:13:19,757 [INFO] UtilMem:75 - Begin LoadConfig() Used Memory: 579793712 Bytes (966787072)
2025-11-03 16:13:19,758 [INFO] OpenFileManager:355 - Change cursor
2025-11-03 16:13:19,789 [INFO] RulesReader:64 - Compatibility file has been processed (317 Rules)
2025-11-03 16:13:19,798 [INFO] ProjectFactory:514 - No CPN specified for board B-L475E-IOT01A1 => set CPN to STM32L475VGT6
2025-11-03 16:13:19,798 [INFO] Mcu:2029 - Initializing MCU STM32L475V(C-E-G)Tx STM32L475VGTx STM32L475VGT6
2025-11-03 16:13:22,256 [INFO] Context:786 - Trying to add GPIOservice into a context  which must be forbidden
2025-11-03 16:13:23,266 [INFO] Rule:233 - rule 117617 - U5Cobra4M][GTZC] default value MPCBB3 and MPCBB5 - Not Secured memory - MPCBB1 is applicable
2025-11-03 16:13:23,266 [INFO] Rule:233 - rule 117617 - U5Cobra4M][GTZC] default value MPCBB3 and MPCBB5 - Not Secured memory - MPCBB1 is applicable
2025-11-03 16:13:23,266 [INFO] Rule:233 - rule 117617 - U5Cobra4M][GTZC] default value MPCBB3 and MPCBB5 - Not Secured memory - MPCBB2 is applicable
2025-11-03 16:13:23,267 [INFO] Rule:233 - rule 117617 - U5Cobra4M][GTZC] default value MPCBB3 and MPCBB5 - Not Secured memory - MPCBB2 is applicable
2025-11-03 16:13:23,267 [INFO] Rule:233 - rule 117617 - U5Cobra4M][GTZC] default value MPCBB3 and MPCBB5 - Not Secured memory - MPCBB3 is applicable
2025-11-03 16:13:23,267 [INFO] Rule:233 - rule 117617 - U5Cobra4M][GTZC] default value MPCBB3 and MPCBB5 - Not Secured memory - MPCBB3 is applicable
2025-11-03 16:13:23,267 [INFO] Rule:233 - rule 117617 - U5Cobra4M][GTZC] default value MPCBB3 and MPCBB5 - Not Secured memory - MPCBB4 is applicable
2025-11-03 16:13:23,267 [INFO] Rule:233 - rule 117617 - U5Cobra4M][GTZC] default value MPCBB3 and MPCBB5 - Not Secured memory - MPCBB4 is applicable
2025-11-03 16:13:23,267 [INFO] Rule:233 - rule 117617 - U5Cobra4M][GTZC] default value MPCBB3 and MPCBB5 - Secured memory - MPCBB1 is applicable
2025-11-03 16:13:23,267 [INFO] Rule:233 - rule 117617 - U5Cobra4M][GTZC] default value MPCBB3 and MPCBB5 - Secured memory - MPCBB2 is applicable
2025-11-03 16:13:23,267 [INFO] Rule:233 - rule 117617 - U5Cobra4M][GTZC] default value MPCBB3 and MPCBB5 - Secured memory - MPCBB3 is applicable
2025-11-03 16:13:23,267 [INFO] Rule:233 - rule 117617 - U5Cobra4M][GTZC] default value MPCBB3 and MPCBB5 - Secured memory - MPCBB4 is applicable
2025-11-03 16:13:23,267 [INFO] Rule:233 - rule 117617 - U5Cobra4M][GTZC] default value MPCBB3 and MPCBB5 - Privileged memory - MPCBB1 is applicable
2025-11-03 16:13:23,267 [INFO] Rule:233 - rule 117617 - U5Cobra4M][GTZC] default value MPCBB3 and MPCBB5 - Privileged memory - MPCBB2 is applicable
2025-11-03 16:13:23,267 [INFO] Rule:233 - rule 117617 - U5Cobra4M][GTZC] default value MPCBB3 and MPCBB5 - Privileged memory - MPCBB3 is applicable
2025-11-03 16:13:23,267 [INFO] Rule:233 - rule 117617 - U5Cobra4M][GTZC] default value MPCBB3 and MPCBB5 - Privileged memory - MPCBB4 is applicable
2025-11-03 16:13:23,267 [INFO] Rule:233 - rule 117617 - U5Cobra4M][GTZC] default value MPCBB3 and MPCBB5 - Not Privileged memory - MPCBB1 is applicable
2025-11-03 16:13:23,267 [INFO] Rule:233 - rule 117617 - U5Cobra4M][GTZC] default value MPCBB3 and MPCBB5 - Not Privileged memory - MPCBB2 is applicable
2025-11-03 16:13:23,267 [INFO] Rule:233 - rule 117617 - U5Cobra4M][GTZC] default value MPCBB3 and MPCBB5 - Not Privileged memory - MPCBB3 is applicable
2025-11-03 16:13:23,267 [INFO] Rule:233 - rule 117617 - U5Cobra4M][GTZC] default value MPCBB3 and MPCBB5 - Not Privileged memory - MPCBB4 is applicable
2025-11-03 16:13:23,267 [INFO] Rule:233 - rule 117617 - U5Cobra4M][GTZC] default value MPCBB3 and MPCBB5 - Privileged memory - MPCBB1 is applicable
2025-11-03 16:13:23,267 [INFO] Rule:233 - rule 117617 - U5Cobra4M][GTZC] default value MPCBB3 and MPCBB5 - Privileged memory - MPCBB2 is applicable
2025-11-03 16:13:23,267 [INFO] Rule:233 - rule 117617 - U5Cobra4M][GTZC] default value MPCBB3 and MPCBB5 - Privileged memory - MPCBB3 is applicable
2025-11-03 16:13:23,267 [INFO] Rule:233 - rule 117617 - U5Cobra4M][GTZC] default value MPCBB3 and MPCBB5 - Privileged memory - MPCBB4 is applicable
2025-11-03 16:13:23,267 [INFO] Rule:233 - rule 117617 - U5Cobra4M][GTZC] default value MPCBB3 and MPCBB5 - Privileged memory - MPCBB1 is applicable
2025-11-03 16:13:23,267 [INFO] Rule:233 - rule 117617 - U5Cobra4M][GTZC] default value MPCBB3 and MPCBB5 - Privileged memory - MPCBB2 is applicable
2025-11-03 16:13:23,267 [INFO] Rule:233 - rule 117617 - U5Cobra4M][GTZC] default value MPCBB3 and MPCBB5 - Privileged memory - MPCBB3 is applicable
2025-11-03 16:13:23,268 [INFO] Rule:233 - rule 117617 - U5Cobra4M][GTZC] default value MPCBB3 and MPCBB5 - Privileged memory - MPCBB4 is applicable
2025-11-03 16:13:23,268 [INFO] Rule:233 - rule 117617 - U5Cobra4M][GTZC] default value MPCBB3 and MPCBB5 - Not Privileged memory - MPCBB1 is applicable
2025-11-03 16:13:23,268 [INFO] Rule:233 - rule 117617 - U5Cobra4M][GTZC] default value MPCBB3 and MPCBB5 - Not Privileged memory - MPCBB2 is applicable
2025-11-03 16:13:23,268 [INFO] Rule:233 - rule 117617 - U5Cobra4M][GTZC] default value MPCBB3 and MPCBB5 - Not Privileged memory - MPCBB3 is applicable
2025-11-03 16:13:23,268 [INFO] Rule:233 - rule 117617 - U5Cobra4M][GTZC] default value MPCBB3 and MPCBB5 - Not Privileged memory - MPCBB4 is applicable
2025-11-03 16:13:23,268 [INFO] Rule:233 - rule 117617 - U5Cobra4M][GTZC] default value MPCBB3 and MPCBB5 - Privileged memory - MPCBB1 is applicable
2025-11-03 16:13:23,268 [INFO] Rule:233 - rule 117617 - U5Cobra4M][GTZC] default value MPCBB3 and MPCBB5 - Privileged memory - MPCBB2 is applicable
2025-11-03 16:13:23,268 [INFO] Rule:233 - rule 117617 - U5Cobra4M][GTZC] default value MPCBB3 and MPCBB5 - Privileged memory - MPCBB3 is applicable
2025-11-03 16:13:23,268 [INFO] Rule:233 - rule 117617 - U5Cobra4M][GTZC] default value MPCBB3 and MPCBB5 - Privileged memory - MPCBB4 is applicable
2025-11-03 16:13:23,268 [INFO] Rule:233 - rule Rename SubGHz_Phy SUBGHZ_APPLICATION SUBGHZ_PINGPONG to SUBGHZ_ADV_APPLICATION is applicable
2025-11-03 16:13:23,268 [INFO] Rule:233 - rule Rename Enabled to IBEACON is applicable
2025-11-03 16:13:23,268 [INFO] Rule:233 - rule GTZC_S instance for project manager is applicable
2025-11-03 16:13:23,268 [INFO] Rule:233 - rule GTZC_S instance for context M33S is applicable
2025-11-03 16:13:23,268 [INFO] Rule:233 - rule GTZC_S instance value for IP GTZC is applicable
2025-11-03 16:13:23,268 [INFO] Rule:233 - rule GTZC_S instance for mcu.IP is applicable
2025-11-03 16:13:23,268 [INFO] Rule:233 - rule GTZC_S instance for VP is applicable
2025-11-03 16:13:23,268 [INFO] Rule:233 - rule GTZC_S instance for signal is applicable
2025-11-03 16:13:23,268 [INFO] Rule:233 - rule GTZC_S instance for mcu.Pin is applicable
2025-11-03 16:13:23,268 [INFO] Rule:233 - rule GTZC_S instance for VP is applicable
2025-11-03 16:13:23,268 [INFO] Rule:233 - rule GTZC_S instance for signal is applicable
2025-11-03 16:13:23,268 [INFO] Rule:233 - rule GTZC_S instance for mcu is applicable
2025-11-03 16:13:23,268 [INFO] Rule:233 - rule GTZC_S instance for mcu.Pin is applicable
2025-11-03 16:13:23,268 [INFO] Rule:233 - rule GTZC_S instance value for IP GTZC is applicable
2025-11-03 16:13:23,268 [INFO] Rule:233 - rule GTZC_S instance for project manager is applicable
2025-11-03 16:13:23,268 [INFO] Rule:233 - rule GTZC_S instance for context M33S is applicable
2025-11-03 16:13:23,269 [INFO] Rule:233 - rule GTZC_S instance for VP is applicable
2025-11-03 16:13:23,269 [INFO] Rule:233 - rule GTZC_S instance for signal is applicable
2025-11-03 16:13:23,269 [INFO] Rule:233 - rule Rename Tracer Mode is applicable
2025-11-03 16:13:23,269 [INFO] Rule:233 - rule ADC Scan  fix with FW F7 is applicable
2025-11-03 16:13:23,269 [INFO] Rule:233 - rule ADC Scan  fix with FW F7 is applicable
2025-11-03 16:13:23,269 [INFO] Rule:233 - rule WakeUp0 Mode is applicable
2025-11-03 16:13:23,269 [INFO] Rule:233 - rule WakeUp0 SIGNAL is applicable
2025-11-03 16:13:23,269 [INFO] Rule:233 - rule WakeUp1 Mode is applicable
2025-11-03 16:13:23,269 [INFO] Rule:233 - rule WakeUp1 SIGNAL is applicable
2025-11-03 16:13:23,269 [INFO] Rule:233 - rule WakeUp2 Mode is applicable
2025-11-03 16:13:23,269 [INFO] Rule:233 - rule WakeUp2 SIGNAL is applicable
2025-11-03 16:13:23,269 [INFO] Rule:233 - rule WakeUp4 Mode is applicable
2025-11-03 16:13:23,269 [INFO] Rule:233 - rule WakeUp4 SIGNAL is applicable
2025-11-03 16:13:23,269 [INFO] Rule:233 - rule WakeUp5 Mode is applicable
2025-11-03 16:13:23,269 [INFO] Rule:233 - rule WakeUp5 SIGNAL is applicable
2025-11-03 16:13:23,269 [INFO] Rule:233 - rule Change Default Value for LSE Drive Capability for WB family is applicable
2025-11-03 16:13:23,270 [INFO] Rule:233 - rule Change Default Value for ADC Clock Prescaler G0 family is applicable
2025-11-03 16:13:23,270 [INFO] Rule:233 - rule UART/USART IPParameter rename Prescaler parameter to ClockPrescaler is applicable
2025-11-03 16:13:23,270 [INFO] Rule:233 - rule UART/USART Prescaler rename Prescaler parameter to ClockPrescaler is applicable
2025-11-03 16:13:23,270 [INFO] Rule:233 - rule TIM1CLockSelection is applicable
2025-11-03 16:13:23,270 [INFO] Rule:233 - rule TIM15CLockSelection is applicable
2025-11-03 16:13:23,270 [INFO] Rule:233 - rule align RCC SDMMC3CLockSelection default value on MP1 is applicable
2025-11-03 16:13:23,270 [INFO] Rule:233 - rule align RCC SDMMC12CLockSelection default value on MP1 is applicable
2025-11-03 16:13:23,270 [INFO] Rule:233 - rule align RCC QSPICLockSelection default value on MP1 is applicable
2025-11-03 16:13:23,270 [INFO] Rule:233 - rule align RCC QSPICLockSelection default value on MP1 is applicable
2025-11-03 16:13:23,270 [INFO] Rule:233 - rule align RCC SPI6CLockSelection default value on MP1 is applicable
2025-11-03 16:13:23,270 [INFO] Rule:233 - rule align RCC LPTIM23CLockSelection default value on MP1 is applicable
2025-11-03 16:13:23,270 [INFO] Rule:233 - rule align RCC LPTIM1CLockSelection default value on MP1 is applicable
2025-11-03 16:13:23,270 [INFO] Rule:233 - rule align RCC USART1CLockSelection default value on MP1 is applicable
2025-11-03 16:13:23,270 [INFO] Rule:233 - rule align RCC USART24CLockSelection default value on MP1 is applicable
2025-11-03 16:13:23,270 [INFO] Rule:233 - rule align RCC USART6CLockSelection default value on MP1 is applicable
2025-11-03 16:13:23,270 [INFO] Rule:233 - rule align RCC UART78CLockSelection default value on MP1 is applicable
2025-11-03 16:13:23,271 [INFO] Rule:233 - rule align RCC USART35CLockSelection default value on MP1 is applicable
2025-11-03 16:13:23,271 [INFO] Rule:233 - rule align RCC SPI45CLockSelection default value on MP1 is applicable
2025-11-03 16:13:23,271 [INFO] Rule:233 - rule align RCC I2C46CLockSelection BCLK value on MP1 is applicable
2025-11-03 16:13:23,271 [INFO] Rule:233 - rule align RCC SPI45CLockSelection default value on MP1 is applicable
2025-11-03 16:13:23,271 [INFO] Rule:233 - rule align RCC I2C12CLockSelection default value on MP1 is applicable
2025-11-03 16:13:23,271 [INFO] Rule:233 - rule align RCC I2C35CLockSelection default value on MP1 is applicable
2025-11-03 16:13:23,271 [INFO] Rule:233 - rule align RCC LPTIM45CLockSelection default value on MP1 is applicable
2025-11-03 16:13:23,271 [INFO] Rule:233 - rule Rename DCMI PIXCK signal is applicable
2025-11-03 16:13:23,271 [INFO] Rule:233 - rule Change Default Value for I2C46CLockSelection MP1 family is applicable
2025-11-03 16:13:23,271 [INFO] Rule:233 - rule Change Default Value for UART for G4, G0 and WB families is applicable
2025-11-03 16:13:23,271 [INFO] Rule:233 - rule Change Default Value for USART for G4, G0 and WB families is applicable
2025-11-03 16:13:23,271 [INFO] Rule:233 - rule Change Default Value for USART for G4 family is applicable
2025-11-03 16:13:23,271 [INFO] Rule:233 - rule Change USART1CLockSelection refparam name for MP1 is applicable
2025-11-03 16:13:23,271 [INFO] Rule:233 - rule Change USART2CLockSelection refparam name for MP1 is applicable
2025-11-03 16:13:23,271 [INFO] Rule:233 - rule Change USART3CLockSelection refparam name for MP1 is applicable
2025-11-03 16:13:23,271 [INFO] Rule:233 - rule Change UART4CLockSelection refparam name for MP1 is applicable
2025-11-03 16:13:23,271 [INFO] Rule:233 - rule Change UART5CLockSelection refparam name for MP1 is applicable
2025-11-03 16:13:23,271 [INFO] Rule:233 - rule Change LPUART1CLockSelection refparam name for MP1 is applicable
2025-11-03 16:13:23,271 [INFO] Rule:233 - rule Change LPTIM1CLockSelection refparam name for MP1 is applicable
2025-11-03 16:13:23,271 [INFO] Rule:233 - rule Change LPTIM2CLockSelection refparam name for MP1 is applicable
2025-11-03 16:13:23,271 [INFO] Rule:233 - rule Change RCC_MCO1Source refparam name for MP1 is applicable
2025-11-03 16:13:23,271 [INFO] Rule:233 - rule Change LSCOSource1 refparam name for MP1 is applicable
2025-11-03 16:13:23,271 [INFO] Rule:233 - rule Change SMPSCLockSelection refparam name for MP1 is applicable
2025-11-03 16:13:23,271 [INFO] Rule:233 - rule Change LPTIM3CLockSelection refparam name for MP1 is applicable
2025-11-03 16:13:23,271 [INFO] Rule:233 - rule Change MPCBB* Default Template Mode to Parameters is applicable
2025-11-03 16:13:23,272 [INFO] Rule:233 - rule Change MPCWM* or MPCBB* Secure Mode to Parameters is applicable
2025-11-03 16:13:23,272 [INFO] Rule:233 - rule Change MPCWM* or MPCBB* No Secure Mode to Parameters is applicable
2025-11-03 16:13:23,272 [INFO] Rule:233 - rule Change TZSC IP Secure Mode to Parameters is applicable
2025-11-03 16:13:23,272 [INFO] Rule:233 - rule Change TZSC IP No Secure Mode to Parameters is applicable
2025-11-03 16:13:23,272 [INFO] Rule:233 - rule Change TZSC IP Privilege Mode to Parameters is applicable
2025-11-03 16:13:23,272 [INFO] Rule:233 - rule Change TZSC IP No Privilege Mode to Parameters is applicable
2025-11-03 16:13:23,272 [INFO] Rule:233 - rule Change TZIC IT Secure Mode to Parameters is applicable
2025-11-03 16:13:23,272 [INFO] Rule:233 - rule Change TZIC IT No Secure Mode to Parameters is applicable
2025-11-03 16:13:23,272 [INFO] Rule:233 - rule Add MPCBB1_NonSecureArea_Start_Address value with referenced to MPCBB1_NonSecureArea_Start value is applicable
2025-11-03 16:13:23,272 [INFO] Rule:233 - rule Add MPCBB2_NonSecureArea_Start_Address value with referenced to MPCBB2_NonSecureArea_Start value is applicable
2025-11-03 16:13:23,272 [INFO] Rule:233 - rule Add MPCWM1_NonSecureArea*_Start_Address value with referenced to MPCWM1_NonSecureArea*_Start value is applicable
2025-11-03 16:13:23,272 [INFO] Rule:233 - rule Add MPCWM2_NonSecureArea*_Start_Address value with referenced to MPCWM2_NonSecureArea*_Start value is applicable
2025-11-03 16:13:23,272 [INFO] Rule:233 - rule Add MPCWM3_NonSecureArea_Start_Address value with referenced to MPCWM3_NonSecureArea_Start value is applicable
2025-11-03 16:13:23,272 [INFO] Rule:233 - rule Change Default Value for PLL1UserDefinedConfig is applicable
2025-11-03 16:13:23,272 [INFO] Rule:233 - rule Change GPIO_PuPd Default Value for USART in async mode is applicable
2025-11-03 16:13:23,272 [INFO] Rule:233 - rule Change SMPSDivider Default Value is applicable
2025-11-03 16:13:23,272 [INFO] Rule:233 - rule OPAMP is applicable
2025-11-03 16:13:23,273 [INFO] Rule:233 - rule LPUART IPParameter rename Prescaler parameter to ClockPrescaler for STM32H7 is applicable
2025-11-03 16:13:23,273 [INFO] Rule:233 - rule LPUART IPParameter rename Prescaler parameter to ClockPrescaler for STM32H7 is applicable
2025-11-03 16:13:23,273 [INFO] Rule:233 - rule LPUART IPParameter rename Prescaler parameter to ClockPrescaler for STM32WB is applicable
2025-11-03 16:13:23,273 [INFO] Rule:233 - rule LPUART IPParameter rename Prescaler parameter to ClockPrescaler for STM32WB is applicable
2025-11-03 16:13:23,273 [INFO] Rule:233 - rule LPUART IPParameter rename Prescaler parameter to ClockPrescaler for STM32G4 is applicable
2025-11-03 16:13:23,273 [INFO] Rule:233 - rule LPUART IPParameter rename Prescaler parameter to ClockPrescaler for STM32G4 is applicable
2025-11-03 16:13:23,273 [INFO] Rule:233 - rule LPUART IPParameter rename Prescaler parameter to ClockPrescaler for STM32L5 is applicable
2025-11-03 16:13:23,273 [INFO] Rule:233 - rule LPUART IPParameter rename Prescaler parameter to ClockPrescaler for STM32L5 is applicable
2025-11-03 16:13:23,273 [INFO] Rule:233 - rule LPUART IPParameter rename Prescaler parameter to ClockPrescaler for STM32G4 is applicable
2025-11-03 16:13:23,273 [INFO] Rule:233 - rule LPUART IPParameter rename Prescaler parameter to ClockPrescaler for STM32G4 is applicable
2025-11-03 16:13:23,273 [INFO] Rule:233 - rule USB device lib V2.5.3 for L0 rename USBD_SUPPORT_USER_STRING parameter to USBD_SUPPORT_USER_STRING_DESC4 is applicable
2025-11-03 16:13:23,273 [INFO] Rule:233 - rule I2SCLockSelection clock entry align is applicable
2025-11-03 16:13:23,273 [INFO] Rule:233 - rule Assign TIMx context if used as SYS timebase is applicable
2025-11-03 16:13:23,273 [INFO] Rule:233 - rule Change GPIO_Pu Default Value for I2C is applicable
2025-11-03 16:13:23,273 [INFO] Rule:233 - rule Change GPIO_Pu Default Value for SMBus is applicable
2025-11-03 16:13:23,273 [INFO] Rule:233 - rule change FDCAN default value is applicable
2025-11-03 16:13:23,273 [INFO] Rule:233 - rule Change mode sai is applicable
2025-11-03 16:13:23,273 [INFO] Rule:233 - rule **Change sai mode is applicable
2025-11-03 16:13:23,273 [INFO] Rule:233 - rule Rename STM32WPAN CFG_BLE_IRK to CFG_BLE_IR is applicable
2025-11-03 16:13:23,273 [INFO] Rule:233 - rule Rename STM32WPAN CFG_BLE_ERK to CFG_BLE_ER is applicable
2025-11-03 16:13:23,273 [INFO] Rule:233 - rule Rename STM32WPAN CFG_BLE_IRK_HEX to CFG_BLE_IR_HEX is applicable
2025-11-03 16:13:23,273 [INFO] Rule:233 - rule Rename STM32WPAN CFG_BLE_ERK_HEX to CFG_BLE_ER_HEX is applicable
2025-11-03 16:13:23,274 [INFO] Rule:233 - rule Adapt Old IOC before rework replace old CORTEX_M33/CORTEX_M55 attributes by the new one. is applicable
2025-11-03 16:13:23,274 [INFO] Rule:233 - rule Rename parametre of RCC RCC_APBDBG_DIV2 to RCC_TIMPRES_DIV2 is applicable
2025-11-03 16:13:23,274 [INFO] Rule:233 - rule Rename DIE493 pin PA10 [PA12] -> PA10 is applicable
2025-11-03 16:13:23,274 [INFO] Rule:233 - rule Rename DIE493 pin PA9 [PA11] -> PA9 is applicable
2025-11-03 16:13:23,274 [INFO] Rule:233 - rule Rename DIE492 PartNumber CPN STM32WBA5MJGHx -> STM32WBA5MMGHx is applicable
2025-11-03 16:13:23,274 [INFO] Rule:233 - rule Rename DIE492 PartNumber  Name STM32WBA5MJGHx -> STM32WBA5MMGHx is applicable
2025-11-03 16:13:23,274 [INFO] Rule:233 - rule Rename DIE492 PartNumber UserName STM32WBA5MJGHx -> STM32WBA5MMGHx is applicable
2025-11-03 16:13:23,274 [INFO] Rule:233 - rule Rename DIE492 PartNumber DeviceId STM32WBA5MJGHx -> STM32WBA5MMGHx is applicable
2025-11-03 16:13:23,274 [INFO] Rule:233 - rule Adapt Old IOC CSI. is applicable
2025-11-03 16:13:23,274 [INFO] Rule:233 - rule Adapt Old IOC DCMIPP. is applicable
2025-11-03 16:13:23,274 [INFO] Rule:233 - rule Adapt Old IOC DCMIPP Mode Parallel. is applicable
2025-11-03 16:13:23,274 [INFO] Rule:233 - rule Adapt Old IOC LTDC. is applicable
2025-11-03 16:13:23,274 [INFO] Rule:233 - rule Rename STM32MP2 RIF Peripheral LTDC RIF.RISUP.LTDC_L0L1.Privilege -> RIF.RISUP.LTDC_L1L2.Privilege is applicable
2025-11-03 16:13:23,274 [INFO] Rule:233 - rule Rename STM32MP2 RIF Peripheral LTDC RIF.RISUP.LTDC_L0L1.Privilege -> RIF.RISUP.LTDC_L1L2.Privilege is applicable
2025-11-03 16:13:23,274 [INFO] Rule:233 - rule Rename STM32MP2 RIF Peripheral LTDC RIF.RISUP.LTDC_L0L1.Lock -> RIF.RISUP.LTDC_L1L2.Lock is applicable
2025-11-03 16:13:23,275 [INFO] Rule:233 - rule Rename STM32MP2 RIF Peripheral LTDC RIF.RISUP.LTDC_L2.Lock -> RIF.RISUP.LTDC_L3.Lock is applicable
2025-11-03 16:13:23,275 [INFO] Rule:233 - rule Adapt the old IOC example for updating the SYS when it is misconfigured. is applicable
2025-11-03 16:13:23,275 [INFO] Rule:233 - rule Rename STM32C09 Mcu.Package LQFP64 -> LQFP48 is applicable
2025-11-03 16:13:23,275 [INFO] Rule:233 - rule Adapt the old IOC example for updating the SYS when it is misconfigured. is applicable
2025-11-03 16:13:23,275 [INFO] Rule:233 - rule Adapt the old IOC example for updating the SYS when it is misconfigured. is applicable
2025-11-03 16:13:23,286 [INFO] DbConfProperties:307 - Apply Compatibility (8/168 Rules)
2025-11-03 16:13:23,347 [INFO] ImportTextPane:234 - (OptionalMessage_ERROR) Pin81 (VP_RIF_VS_RIF1) cannot be retrieved for this MCU
2025-11-03 16:13:23,430 [INFO] RtosManager:558 - Registered RTOS mode: class=CMSIS, group=RTOS, mode=CMSIS_V1, owner=FREERTOS
2025-11-03 16:13:23,430 [INFO] RtosManager:558 - Registered RTOS mode: class=CMSIS, group=RTOS2, mode=CMSIS_V2, owner=FREERTOS
2025-11-03 16:13:23,430 [INFO] RtosManager:558 - Registered RTOS mode: class=RTOS, group=Core, mode=CMSIS_V1, owner=FREERTOS
2025-11-03 16:13:23,430 [INFO] RtosManager:558 - Registered RTOS mode: class=RTOS, group=Core, mode=CMSIS_V2, owner=FREERTOS
2025-11-03 16:13:23,430 [WARN] ModelIntegratedComponent:184 - Missing modes for component STMicroelectronics:FreeRTOS:0.0.1:STMicroelectronics:RTOS:FreeRTOS:Core:::10.2.0:
2025-11-03 16:13:23,450 [WARN] ModelIntegratedComponent:63 - No mode defined for component null
2025-11-03 16:13:23,450 [WARN] ModelIntegratedComponent:63 - No mode defined for component null
2025-11-03 16:13:23,450 [WARN] ModelIntegratedComponent:63 - No mode defined for component null
2025-11-03 16:13:23,450 [WARN] ModelIntegratedComponent:63 - No mode defined for component null
2025-11-03 16:13:23,451 [WARN] ModelIntegratedComponent:63 - No mode defined for component null
2025-11-03 16:13:23,451 [WARN] ModelIntegratedComponent:63 - No mode defined for component null
2025-11-03 16:13:23,451 [WARN] ModelIntegratedComponent:63 - No mode defined for component null
2025-11-03 16:13:23,451 [WARN] ModelIntegratedComponent:63 - No mode defined for component null
2025-11-03 16:13:23,451 [WARN] ModelIntegratedComponent:63 - No mode defined for component null
2025-11-03 16:13:23,451 [WARN] ModelIntegratedComponent:63 - No mode defined for component null
2025-11-03 16:13:23,451 [WARN] ModelIntegratedComponent:63 - No mode defined for component null
2025-11-03 16:13:23,451 [WARN] ModelIntegratedComponent:63 - No mode defined for component null
2025-11-03 16:13:23,451 [WARN] ModelIntegratedComponent:63 - No mode defined for component null
2025-11-03 16:13:23,451 [WARN] ModelIntegratedComponent:63 - No mode defined for component null
2025-11-03 16:13:23,451 [WARN] ModelIntegratedComponent:63 - No mode defined for component null
2025-11-03 16:13:23,451 [WARN] ModelIntegratedComponent:63 - No mode defined for component null
2025-11-03 16:13:23,451 [WARN] ModelIntegratedComponent:63 - No mode defined for component null
2025-11-03 16:13:23,451 [WARN] ModelIntegratedComponent:63 - No mode defined for component null
2025-11-03 16:13:23,451 [WARN] ModelIntegratedComponent:63 - No mode defined for component null
2025-11-03 16:13:23,451 [WARN] ModelIntegratedComponent:63 - No mode defined for component null
2025-11-03 16:13:23,451 [WARN] ModelIntegratedComponent:63 - No mode defined for component null
2025-11-03 16:13:23,451 [WARN] ModelIntegratedComponent:63 - No mode defined for component null
2025-11-03 16:13:23,451 [WARN] ModelIntegratedComponent:63 - No mode defined for component null
2025-11-03 16:13:23,451 [WARN] ModelIntegratedComponent:63 - No mode defined for component null
2025-11-03 16:13:23,451 [WARN] ModelIntegratedComponent:63 - No mode defined for component null
2025-11-03 16:13:23,451 [WARN] ModelIntegratedComponent:63 - No mode defined for component null
2025-11-03 16:13:23,451 [WARN] ModelIntegratedComponent:63 - No mode defined for component null
2025-11-03 16:13:23,452 [WARN] ModelIntegratedComponent:63 - No mode defined for component null
2025-11-03 16:13:23,452 [WARN] ModelIntegratedComponent:63 - No mode defined for component null
2025-11-03 16:13:23,452 [WARN] ModelIntegratedComponent:63 - No mode defined for component null
2025-11-03 16:13:23,452 [WARN] ModelIntegratedComponent:63 - No mode defined for component null
2025-11-03 16:13:23,452 [WARN] ModelIntegratedComponent:63 - No mode defined for component null
2025-11-03 16:13:23,452 [WARN] ModelIntegratedComponent:63 - No mode defined for component null
2025-11-03 16:13:23,452 [WARN] ModelIntegratedComponent:63 - No mode defined for component null
2025-11-03 16:13:23,452 [WARN] ModelIntegratedComponent:63 - No mode defined for component null
2025-11-03 16:13:23,452 [WARN] ModelPack:524 - Component already loaded: STMicroelectronics:HAL Drivers:0.0.0:STMicroelectronics:Device:STMicro_Driver:XSPI:HAL::0.0.1:HAL_XSPI
2025-11-03 16:13:23,646 [INFO] ThirdPartyModel:298 - Start build external matchings
2025-11-03 16:13:24,556 [INFO] ThirdPartyModel:316 - End build external matchings
2025-11-03 16:13:24,602 [INFO] ImportTextPane:234 - (OptionalMessage_ERROR) IP (RCC) : Invalid parameter (FamilyName)
2025-11-03 16:13:24,928 [INFO] UtilMem:75 - End LoadConfig() Used Memory: 804088008 Bytes (1073741824)
2025-11-03 16:13:25,026 [WARN] ThirdParty:833 - waiting for thirdparty lock release [change project]
2025-11-03 16:13:25,026 [INFO] ThirdParty:835 - entering critical section [change project]
2025-11-03 16:13:25,026 [INFO] ThirdParty:1030 - CMSIS Pack Vendor :STMicroelectronics X-CUBE-PM33A1 1.0.0
2025-11-03 16:13:25,026 [INFO] ThirdParty:1030 - CMSIS Pack Vendor :STMicroelectronics USBPD 4.1
2025-11-03 16:13:25,026 [INFO] ThirdParty:1030 - CMSIS Pack Vendor :STMicroelectronics X-CUBE-NFC9 1.0.0
2025-11-03 16:13:25,026 [INFO] ThirdParty:1030 - CMSIS Pack Vendor :STMicroelectronics USB_HOST 2.0.0
2025-11-03 16:13:25,026 [INFO] ThirdParty:1030 - CMSIS Pack Vendor :STMicroelectronics FP-SNS-MOTENVWB1 1.4.0
2025-11-03 16:13:25,026 [INFO] ThirdParty:1030 - CMSIS Pack Vendor :STMicroelectronics X-CUBE-AZRTOS-F4 1.1.0
2025-11-03 16:13:25,026 [INFO] ThirdParty:1030 - CMSIS Pack Vendor :STMicroelectronics LIBJPEG 8.0.0
2025-11-03 16:13:25,027 [INFO] ThirdParty:1030 - CMSIS Pack Vendor :STMicroelectronics FP-ATR-ASTRA1 2.0.2
2025-11-03 16:13:25,027 [INFO] ThirdParty:1030 - CMSIS Pack Vendor :wolfSSL I-CUBE-wolfSSL 5.8.2
2025-11-03 16:13:25,027 [INFO] ThirdParty:1030 - CMSIS Pack Vendor :STMicroelectronics X-CUBE-BLE1 7.1.0
2025-11-03 16:13:25,027 [INFO] ThirdParty:1030 - CMSIS Pack Vendor :Avnet-IotConnect X-CUBE-IoTC-DA16k-PMOD 1.0.0
2025-11-03 16:13:25,027 [INFO] ThirdParty:1030 - CMSIS Pack Vendor :STMicroelectronics X-CUBE-SMBUS 2.1.0
2025-11-03 16:13:25,027 [INFO] ThirdParty:1030 - CMSIS Pack Vendor :wolfSSL I-CUBE-wolfMQTT 1.19.2
2025-11-03 16:13:25,027 [INFO] ThirdParty:1030 - CMSIS Pack Vendor :STMicroelectronics USB_DEVICE 3.0.0
2025-11-03 16:13:25,027 [INFO] ThirdParty:1030 - CMSIS Pack Vendor :STMicroelectronics X-CUBE-ISPU 2.1.0
2025-11-03 16:13:25,027 [INFO] ThirdParty:1030 - CMSIS Pack Vendor :STMicroelectronics X-CUBE-EEPRMA1 5.2.0
2025-11-03 16:13:25,027 [INFO] ThirdParty:1030 - CMSIS Pack Vendor :STMicroelectronics X-CUBE-IPS 3.2.0
2025-11-03 16:13:25,027 [INFO] ThirdParty:1030 - CMSIS Pack Vendor :STMicroelectronics X-CUBE-BLEMGR 4.1.0
2025-11-03 16:13:25,027 [INFO] ThirdParty:1030 - CMSIS Pack Vendor :STMicroelectronics X-CUBE-AZRTOS-WB 2.0.0
2025-11-03 16:13:25,027 [INFO] ThirdParty:1030 - CMSIS Pack Vendor :STMicroelectronics X-CUBE-ST60 1.0.0
2025-11-03 16:13:25,027 [INFO] ThirdParty:1030 - CMSIS Pack Vendor :STMicroelectronics X-CUBE-GNSS1 7.0.1
2025-11-03 16:13:25,027 [INFO] ThirdParty:1030 - CMSIS Pack Vendor :STMicroelectronics X-CUBE-NFC12 1.0.0
2025-11-03 16:13:25,027 [INFO] ThirdParty:1030 - CMSIS Pack Vendor :STMicroelectronics X-CUBE-AZRTOS-F7 1.1.0
2025-11-03 16:13:25,027 [INFO] ThirdParty:1030 - CMSIS Pack Vendor :STMicroelectronics X-CUBE-AZRTOS-L5 2.0.0
2025-11-03 16:13:25,027 [INFO] ThirdParty:1030 - CMSIS Pack Vendor :STMicroelectronics X-CUBE-TOUCHGFX 4.25.0
2025-11-03 16:13:25,027 [INFO] ThirdParty:1030 - CMSIS Pack Vendor :STMicroelectronics USB_DEVICE 2.0.0
2025-11-03 16:13:25,027 [INFO] ThirdParty:1030 - CMSIS Pack Vendor :STMicroelectronics X-CUBE-NFC6 3.1.0
2025-11-03 16:13:25,027 [INFO] ThirdParty:1030 - CMSIS Pack Vendor :STMicroelectronics X-CUBE-ST67W61 1.1.0
2025-11-03 16:13:25,027 [INFO] ThirdParty:1030 - CMSIS Pack Vendor :quantropi X-CUBE-qispace-sdk-base 2.1.0
2025-11-03 16:13:25,027 [INFO] ThirdParty:1030 - CMSIS Pack Vendor :STMicroelectronics FreeRTOS 0.0.1
2025-11-03 16:13:25,027 [INFO] ThirdParty:1030 - CMSIS Pack Vendor :STMicroelectronics X-CUBE-AZRTOS-G0 1.1.0
2025-11-03 16:13:25,027 [INFO] ThirdParty:1030 - CMSIS Pack Vendor :STMicroelectronics X-CUBE-SAFEA1 1.2.2
2025-11-03 16:13:25,027 [INFO] ThirdParty:1030 - CMSIS Pack Vendor :STMicroelectronics X-CUBE-NFC4 3.0.0
2025-11-03 16:13:25,027 [INFO] ThirdParty:1030 - CMSIS Pack Vendor :STMicroelectronics X-CUBE-SUBG2 5.0.0
2025-11-03 16:13:25,027 [INFO] ThirdParty:1030 - CMSIS Pack Vendor :STMicroelectronics X-CUBE-AZRTOS-H7RS 1.1.0
2025-11-03 16:13:25,027 [INFO] ThirdParty:1030 - CMSIS Pack Vendor :STMicroelectronics STM32_WPAN 1.0.0
2025-11-03 16:13:25,027 [INFO] ThirdParty:1030 - CMSIS Pack Vendor :EmbeddedOffice I-CUBE-FS-RTOS 1.0.1
2025-11-03 16:13:25,027 [INFO] ThirdParty:1030 - CMSIS Pack Vendor :STMicroelectronics lwIP 2.0.3
2025-11-03 16:13:25,027 [INFO] ThirdParty:1030 - CMSIS Pack Vendor :WES I-CUBE-Cesium 1.4.0
2025-11-03 16:13:25,028 [INFO] ThirdParty:1030 - CMSIS Pack Vendor :Cesanta I-CUBE-Mongoose 7.13.0
2025-11-03 16:13:25,028 [INFO] ThirdParty:1030 - CMSIS Pack Vendor :STMicroelectronics USB_HOST 1.0.0
2025-11-03 16:13:25,028 [INFO] ThirdParty:1030 - CMSIS Pack Vendor :Infineon AIROC-Wi-Fi-Bluetooth-STM32 1.7.1
2025-11-03 16:13:25,028 [INFO] ThirdParty:1030 - CMSIS Pack Vendor :STMicroelectronics X-CUBE-AZRTOS-G4 2.0.0
2025-11-03 16:13:25,028 [INFO] ThirdParty:1030 - CMSIS Pack Vendor :STMicroelectronics X-CUBE-WB05N 2.0.0
2025-11-03 16:13:25,028 [INFO] ThirdParty:1030 - CMSIS Pack Vendor :STMicroelectronics PDM2PCM 3.1.0
2025-11-03 16:13:25,028 [INFO] ThirdParty:1030 - CMSIS Pack Vendor :STMicroelectronics PDM2PCM 3.3.0
2025-11-03 16:13:25,028 [INFO] ThirdParty:1030 - CMSIS Pack Vendor :wolfSSL I-CUBE-wolfTPM 3.8.0
2025-11-03 16:13:25,028 [INFO] ThirdParty:1030 - CMSIS Pack Vendor :STMicroelectronics X-CUBE-AZRTOS-H7 3.4.0
2025-11-03 16:13:25,028 [INFO] ThirdParty:1030 - CMSIS Pack Vendor :STMicroelectronics X-CUBE-DISPLAY 3.0.0
2025-11-03 16:13:25,028 [INFO] ThirdParty:1030 - CMSIS Pack Vendor :wolfSSL I-CUBE-wolfSSH 1.4.20
2025-11-03 16:13:25,028 [INFO] ThirdParty:1030 - CMSIS Pack Vendor :STMicroelectronics X-CUBE-NFC7 2.0.0
2025-11-03 16:13:25,028 [INFO] ThirdParty:1030 - CMSIS Pack Vendor :STMicroelectronics X-CUBE-TCPP 4.2.0
2025-11-03 16:13:25,028 [INFO] ThirdParty:1030 - CMSIS Pack Vendor :RealThread X-CUBE-RT-Thread_Nano 4.1.1
2025-11-03 16:13:25,028 [INFO] ThirdParty:1030 - CMSIS Pack Vendor :STMicroelectronics FP-ATR-SIGFOX1 3.2.0
2025-11-03 16:13:25,028 [INFO] ThirdParty:1030 - CMSIS Pack Vendor :STMicroelectronics X-CUBE-NFC10 1.0.0
2025-11-03 16:13:25,028 [INFO] ThirdParty:1030 - CMSIS Pack Vendor :STMicroelectronics X-CUBE-FREERTOS 1.3.1
2025-11-03 16:13:25,028 [INFO] ThirdParty:1030 - CMSIS Pack Vendor :STMicroelectronics HAL Drivers 0.0.0
2025-11-03 16:13:25,028 [INFO] ThirdParty:1030 - CMSIS Pack Vendor :STMicroelectronics MBEDTLS 2.16.2
2025-11-03 16:13:25,028 [INFO] ThirdParty:1030 - CMSIS Pack Vendor :STMicroelectronics X-CUBE-ST60 1.1.0
2025-11-03 16:13:25,029 [INFO] ThirdParty:1030 - CMSIS Pack Vendor :STMicroelectronics X-CUBE-IPS 3.1.0
2025-11-03 16:13:25,029 [INFO] ThirdParty:1030 - CMSIS Pack Vendor :STMicroelectronics X-CUBE-ALS 1.0.2
2025-11-03 16:13:25,029 [INFO] ThirdParty:1030 - CMSIS Pack Vendor :emotas I-CUBE-CANOPEN 1.3.0
2025-11-03 16:13:25,029 [INFO] ThirdParty:1030 - CMSIS Pack Vendor :STMicroelectronics MBEDTLS 2.14.1
2025-11-03 16:13:25,029 [INFO] ThirdParty:1030 - CMSIS Pack Vendor :ITTIA_DB I-CUBE-ITTIADB 8.9.0
2025-11-03 16:13:25,029 [INFO] ThirdParty:1030 - CMSIS Pack Vendor :STMicroelectronics X-CUBE-TOUCHGFX 4.26.0
2025-11-03 16:13:25,029 [INFO] ThirdParty:1030 - CMSIS Pack Vendor :STMicroelectronics X-CUBE-STSE01 1.0.0
2025-11-03 16:13:25,029 [INFO] ThirdParty:1030 - CMSIS Pack Vendor :STMicroelectronics X-CUBE-ST67W61 1.0.0
2025-11-03 16:13:25,029 [INFO] ThirdParty:1030 - CMSIS Pack Vendor :STMicroelectronics FP-SNS-STBOX1 2.1.0
2025-11-03 16:13:25,029 [INFO] ThirdParty:1030 - CMSIS Pack Vendor :STMicroelectronics X-CUBE-AI 10.2.0
2025-11-03 16:13:25,029 [INFO] ThirdParty:1030 - CMSIS Pack Vendor :STMicroelectronics FP-SNS-STAIOTCFT 1.0.0
2025-11-03 16:13:25,029 [INFO] ThirdParty:1030 - CMSIS Pack Vendor :STMicroelectronics ThreadX 1.0.0
2025-11-03 16:13:25,029 [INFO] ThirdParty:1030 - CMSIS Pack Vendor :STMicroelectronics FP-SNS-SMARTAG2 1.2.0
2025-11-03 16:13:25,029 [INFO] ThirdParty:1030 - CMSIS Pack Vendor :STMicroelectronics FP-SNS-FLIGHT1 5.1.0
2025-11-03 16:13:25,029 [INFO] ThirdParty:1030 - CMSIS Pack Vendor :STMicroelectronics X-CUBE-AZRTOS-WL 2.0.0
2025-11-03 16:13:25,029 [INFO] ThirdParty:1030 - CMSIS Pack Vendor :SEGGER I-CUBE-embOS 1.3.1
2025-11-03 16:13:25,029 [INFO] ThirdParty:1030 - CMSIS Pack Vendor :STMicroelectronics X-CUBE-ALGOBUILD 1.4.0
2025-11-03 16:13:25,029 [INFO] ThirdParty:1030 - CMSIS Pack Vendor :STMicroelectronics X-CUBE-DPower 1.3.0
2025-11-03 16:13:25,030 [INFO] ThirdParty:1030 - CMSIS Pack Vendor :STMicroelectronics X-CUBE-MEMS1 11.3.0
2025-11-03 16:13:25,030 [INFO] ThirdParty:1030 - CMSIS Pack Vendor :STMicroelectronics FP-SNS-MOTENV1 5.0.0
2025-11-03 16:13:25,030 [INFO] ThirdParty:1030 - CMSIS Pack Vendor :STMicroelectronics USB_DEVICE 1.0.0
2025-11-03 16:13:25,030 [INFO] ThirdParty:1030 - CMSIS Pack Vendor :STMicroelectronics X-CUBE-AZRTOS-L4 2.0.0
2025-11-03 16:13:25,030 [INFO] ThirdParty:1030 - CMSIS Pack Vendor :STMicroelectronics ThreadX 0.0.2
2025-11-03 16:13:25,030 [INFO] ThirdParty:1030 - CMSIS Pack Vendor :STMicroelectronics lwIP 2.1.2
2025-11-03 16:13:25,030 [INFO] ThirdParty:1030 - CMSIS Pack Vendor :STMicroelectronics X-CUBE-SFXS2LP1 4.0.0
2025-11-03 16:13:25,030 [INFO] ThirdParty:1030 - CMSIS Pack Vendor :STMicroelectronics X-CUBE-BLE2 3.3.0
2025-11-03 16:13:25,030 [INFO] ThirdParty:1030 - CMSIS Pack Vendor :STMicroelectronics X-CUBE-TOF1 3.4.3
2025-11-03 16:13:25,030 [INFO] ThirdParty:1030 - CMSIS Pack Vendor :STMicroelectronics PDM2PCM 3.2.0
2025-11-03 16:13:25,030 [INFO] ThirdParty:841 - exiting critical section [change project]
2025-11-03 16:13:25,517 [INFO] PinOutPanel:1589 - setPackage(No Configuration,No Configuration)
2025-11-03 16:13:25,517 [INFO] PinOutPanel:1589 - setPackage(STM32L475VGTx,LQFP100)
2025-11-03 16:13:26,071 [INFO] UtilMem:75 - Before build in PCC Used Memory: 600603920 Bytes (1073741824)
2025-11-03 16:13:26,615 [INFO] UtilMem:75 - After build in PCC Used Memory: 679247120 Bytes (1073741824)
2025-11-03 16:13:26,642 [INFO] IPUIPlugin:80 - create IPUIPlugin
2025-11-03 16:13:26,642 [INFO] IPUIPlugin:80 - create IPUIPlugin
2025-11-03 16:13:26,643 [INFO] IPUIPlugin:80 - create IPUIPlugin
2025-11-03 16:13:26,643 [INFO] IPUIPlugin:80 - create IPUIPlugin
2025-11-03 16:13:26,643 [INFO] IPUIPlugin:80 - create IPUIPlugin
2025-11-03 16:13:26,643 [INFO] IPUIPlugin:80 - create IPUIPlugin
2025-11-03 16:13:26,643 [INFO] IPUIPlugin:80 - create IPUIPlugin
2025-11-03 16:13:26,643 [INFO] IPUIPlugin:80 - create IPUIPlugin
2025-11-03 16:13:26,643 [INFO] IPUIPlugin:80 - create IPUIPlugin
2025-11-03 16:13:26,643 [INFO] IPUIPlugin:80 - create IPUIPlugin
2025-11-03 16:13:26,643 [INFO] IPUIPlugin:80 - create IPUIPlugin
2025-11-03 16:13:26,644 [INFO] IPUIPlugin:80 - create IPUIPlugin
2025-11-03 16:13:26,644 [INFO] IPUIPlugin:80 - create IPUIPlugin
2025-11-03 16:13:26,644 [INFO] IPUIPlugin:80 - create IPUIPlugin
2025-11-03 16:13:26,644 [INFO] IPUIPlugin:80 - create IPUIPlugin
2025-11-03 16:13:26,644 [INFO] IPUIPlugin:80 - create IPUIPlugin
2025-11-03 16:13:26,644 [INFO] IPUIPlugin:80 - create IPUIPlugin
2025-11-03 16:13:26,644 [INFO] IPUIPlugin:80 - create IPUIPlugin
2025-11-03 16:13:26,644 [INFO] IPUIPlugin:80 - create IPUIPlugin
2025-11-03 16:13:26,645 [INFO] IPUIPlugin:80 - create IPUIPlugin
2025-11-03 16:13:26,645 [INFO] IPUIPlugin:80 - create IPUIPlugin
2025-11-03 16:13:26,645 [INFO] IPUIPlugin:80 - create IPUIPlugin
2025-11-03 16:13:26,645 [INFO] IPUIPlugin:80 - create IPUIPlugin
2025-11-03 16:13:26,645 [INFO] IPUIPlugin:80 - create IPUIPlugin
2025-11-03 16:13:26,645 [INFO] IPUIPlugin:80 - create IPUIPlugin
2025-11-03 16:13:26,645 [INFO] IPUIPlugin:80 - create IPUIPlugin
2025-11-03 16:13:26,646 [INFO] IPUIPlugin:80 - create IPUIPlugin
2025-11-03 16:13:26,646 [INFO] IPUIPlugin:80 - create IPUIPlugin
2025-11-03 16:13:26,646 [INFO] IPUIPlugin:80 - create IPUIPlugin
2025-11-03 16:13:26,646 [INFO] IPUIPlugin:80 - create IPUIPlugin
2025-11-03 16:13:26,646 [INFO] IPUIPlugin:80 - create IPUIPlugin
2025-11-03 16:13:26,646 [INFO] IPUIPlugin:80 - create IPUIPlugin
2025-11-03 16:13:26,647 [INFO] IPUIPlugin:80 - create IPUIPlugin
2025-11-03 16:13:26,647 [INFO] IPUIPlugin:80 - create IPUIPlugin
2025-11-03 16:13:26,647 [INFO] IPUIPlugin:80 - create IPUIPlugin
2025-11-03 16:13:26,647 [INFO] IPUIPlugin:80 - create IPUIPlugin
2025-11-03 16:13:26,648 [INFO] IPUIPlugin:80 - create IPUIPlugin
2025-11-03 16:13:26,648 [INFO] IPUIPlugin:80 - create IPUIPlugin
2025-11-03 16:13:26,648 [INFO] IPUIPlugin:80 - create IPUIPlugin
2025-11-03 16:13:26,648 [INFO] IPUIPlugin:80 - create IPUIPlugin
2025-11-03 16:13:26,648 [INFO] IPUIPlugin:80 - create IPUIPlugin
2025-11-03 16:13:26,648 [INFO] IPUIPlugin:80 - create IPUIPlugin
2025-11-03 16:13:26,648 [INFO] IPUIPlugin:80 - create IPUIPlugin
2025-11-03 16:13:26,648 [INFO] IPUIPlugin:80 - create IPUIPlugin
2025-11-03 16:13:26,648 [INFO] IPUIPlugin:80 - create IPUIPlugin
2025-11-03 16:13:26,649 [INFO] IPUIPlugin:80 - create IPUIPlugin
2025-11-03 16:13:26,649 [INFO] IPUIPlugin:80 - create IPUIPlugin
2025-11-03 16:13:26,649 [INFO] IPUIPlugin:80 - create IPUIPlugin
2025-11-03 16:13:26,649 [INFO] IPUIPlugin:80 - create IPUIPlugin
2025-11-03 16:13:26,649 [INFO] IPUIPlugin:80 - create IPUIPlugin
2025-11-03 16:13:26,649 [INFO] IPUIPlugin:80 - create IPUIPlugin
2025-11-03 16:13:26,649 [INFO] IPUIPlugin:80 - create IPUIPlugin
2025-11-03 16:13:26,649 [INFO] IPUIPlugin:80 - create IPUIPlugin
2025-11-03 16:13:26,650 [INFO] IPUIPlugin:80 - create IPUIPlugin
2025-11-03 16:13:26,650 [INFO] IPUIPlugin:80 - create IPUIPlugin
2025-11-03 16:13:26,650 [INFO] IPUIPlugin:80 - create IPUIPlugin
2025-11-03 16:13:26,650 [INFO] IPUIPlugin:80 - create IPUIPlugin
2025-11-03 16:13:26,651 [INFO] IPUIPlugin:80 - create IPUIPlugin
2025-11-03 16:13:26,651 [INFO] IPUIPlugin:80 - create IPUIPlugin
2025-11-03 16:13:26,767 [INFO] CADModel:165 - CPN selected for project levelSTM32L475VGT6
2025-11-03 16:13:26,767 [INFO] CADModel:114 - Register for checkConnection events
2025-11-03 16:13:26,806 [INFO] OpenFileManager:386 - Restore cursor
2025-11-03 16:13:27,511 [INFO] UtilMem:75 - End SaveConfig() Used Memory: 882455952 Bytes (1073741824)
2025-11-03 16:13:27,608 [INFO] UtilMem:75 - End SaveConfig() Used Memory: 902376216 Bytes (1073741824)
2025-11-03 16:13:28,083 [INFO] BlockDiagram:2775 - set Specific Code input for plugin: SPI
2025-11-03 16:13:28,084 [INFO] BlockDiagram:2775 - set Specific Code input for plugin: DFSDM
2025-11-03 16:13:28,084 [INFO] BlockDiagram:2775 - set Specific Code input for plugin: SYS
2025-11-03 16:13:28,084 [INFO] BlockDiagram:2775 - set Specific Code input for plugin: RCC
2025-11-03 16:13:28,084 [INFO] BlockDiagram:2775 - set Specific Code input for plugin: I2C
2025-11-03 16:13:28,084 [INFO] BlockDiagram:2775 - set Specific Code input for plugin: USB_OTG_FS
2025-11-03 16:13:28,084 [INFO] BlockDiagram:2775 - set Specific Code input for plugin: NVIC
2025-11-03 16:13:28,084 [INFO] BlockDiagram:2775 - set Specific Code input for plugin: USART
2025-11-03 16:13:28,084 [INFO] BlockDiagram:2775 - set Specific Code input for plugin: USART
2025-11-03 16:13:28,084 [INFO] BlockDiagram:2775 - set Specific Code input for plugin: GPIO
2025-11-03 16:13:28,084 [INFO] BlockDiagram:2775 - set Specific Code input for plugin: QUADSPI
2025-11-03 16:13:28,085 [INFO] CodeGenerator:892 - code generatio: config db path: /opt/st/stm32cubeide_1.19.0/plugins/com.st.stm32cube.common.mx_6.15.0.202507011659//db/
2025-11-03 16:13:28,393 [INFO] CodeEngine:265 - oldGeneratedFile, /home/pinkyflowy/Escritorio/Sistemas-Empotrados-en-Tiempo-Real/Practica 4/MXTmpFiles/license.tmp_save
2025-11-03 16:13:28,681 [INFO] CodeEngine:289 - Generated code: /home/pinkyflowy/Escritorio/Sistemas-Empotrados-en-Tiempo-Real/Practica 4/MXTmpFiles/license.tmp
2025-11-03 16:13:29,141 [INFO] CodeEngine:265 - oldGeneratedFile, /home/pinkyflowy/Escritorio/Sistemas-Empotrados-en-Tiempo-Real/Practica 4/MXTmpFiles/gpio.tmp_save
2025-11-03 16:13:29,257 [INFO] CodeEngine:289 - Generated code: /home/pinkyflowy/Escritorio/Sistemas-Empotrados-en-Tiempo-Real/Practica 4/MXTmpFiles/gpio.tmp
2025-11-03 16:13:31,959 [WARN] IPConfigManager:3238 - Warning: the RefConfig PWREx_EnableUSBVoltageDetector is not available in your config.xml file
2025-11-03 16:13:31,992 [INFO] CodeEngine:265 - oldGeneratedFile, /home/pinkyflowy/Escritorio/Sistemas-Empotrados-en-Tiempo-Real/Practica 4/Core/Src/stm32l4xx_it.c_save
2025-11-03 16:13:32,083 [INFO] CodeEngine:289 - Generated code: /home/pinkyflowy/Escritorio/Sistemas-Empotrados-en-Tiempo-Real/Practica 4/Core/Src/stm32l4xx_it.c
2025-11-03 16:13:32,084 [INFO] CodeEngine:265 - oldGeneratedFile, /home/pinkyflowy/Escritorio/Sistemas-Empotrados-en-Tiempo-Real/Practica 4/Core/Inc/stm32l4xx_it.h_save
2025-11-03 16:13:32,145 [INFO] CodeEngine:289 - Generated code: /home/pinkyflowy/Escritorio/Sistemas-Empotrados-en-Tiempo-Real/Practica 4/Core/Inc/stm32l4xx_it.h
2025-11-03 16:13:32,168 [INFO] CodeEngine:265 - oldGeneratedFile, /home/pinkyflowy/Escritorio/Sistemas-Empotrados-en-Tiempo-Real/Practica 4/Core/Src/stm32l4xx_hal_msp.c_save
2025-11-03 16:13:32,293 [INFO] CodeEngine:289 - Generated code: /home/pinkyflowy/Escritorio/Sistemas-Empotrados-en-Tiempo-Real/Practica 4/Core/Src/stm32l4xx_hal_msp.c
2025-11-03 16:13:32,295 [INFO] CodeEngine:265 - oldGeneratedFile, /home/pinkyflowy/Escritorio/Sistemas-Empotrados-en-Tiempo-Real/Practica 4/MXTmpFiles/system.tmp_save
2025-11-03 16:13:32,357 [INFO] CodeEngine:289 - Generated code: /home/pinkyflowy/Escritorio/Sistemas-Empotrados-en-Tiempo-Real/Practica 4/MXTmpFiles/system.tmp
2025-11-03 16:13:32,383 [INFO] CodeEngine:321 - oldGeneratedFile, /home/pinkyflowy/Escritorio/Sistemas-Empotrados-en-Tiempo-Real/Practica 4/Core/Inc/stm32l4xx_hal_conf.h_save
2025-11-03 16:13:32,443 [INFO] CodeEngine:345 - Generated code: /home/pinkyflowy/Escritorio/Sistemas-Empotrados-en-Tiempo-Real/Practica 4/Core/Inc/stm32l4xx_hal_conf.h
2025-11-03 16:13:32,503 [INFO] ApiDbMcu:532 - Load IP Config File for DFSDM1
2025-11-03 16:13:32,507 [INFO] ApiDbMcu:532 - Load IP Config File for I2C2
2025-11-03 16:13:32,508 [INFO] ApiDbMcu:532 - Load IP Config File for QUADSPI
2025-11-03 16:13:32,511 [INFO] ApiDbMcu:532 - Load IP Config File for SPI3
2025-11-03 16:13:32,525 [INFO] ApiDbMcu:532 - Load IP Config File for USART1
2025-11-03 16:13:32,538 [INFO] ApiDbMcu:532 - Load IP Config File for USART3
2025-11-03 16:13:32,540 [INFO] ApiDbMcu:532 - Load IP Config File for USB_OTG_FS
2025-11-03 16:13:32,544 [INFO] ApiDbMcu:532 - Load IP Config File for RCC
2025-11-03 16:13:32,546 [WARN] IPConfigManager:3811 - IP not found : USB_OTG
2025-11-03 16:13:32,547 [WARN] CodeGenerator:4259 - IP not found : null
2025-11-03 16:13:32,551 [INFO] CodeEngine:265 - oldGeneratedFile, /home/pinkyflowy/Escritorio/Sistemas-Empotrados-en-Tiempo-Real/Practica 4/Core/Inc/main.h_save
2025-11-03 16:13:32,644 [INFO] CodeEngine:289 - Generated code: /home/pinkyflowy/Escritorio/Sistemas-Empotrados-en-Tiempo-Real/Practica 4/Core/Inc/main.h
2025-11-03 16:13:32,646 [INFO] CodeEngine:265 - oldGeneratedFile, /home/pinkyflowy/Escritorio/Sistemas-Empotrados-en-Tiempo-Real/Practica 4/Core/Src/main.c_save
2025-11-03 16:13:32,791 [INFO] CodeEngine:289 - Generated code: /home/pinkyflowy/Escritorio/Sistemas-Empotrados-en-Tiempo-Real/Practica 4/Core/Src/main.c
2025-11-03 16:13:33,606 [INFO] ProjectBuilder:3606 - Time for Copy HAL[1] : 568mS.
2025-11-03 16:13:33,612 [INFO] ProjectBuilder:5216 - Project Generator version: 4.7.0-B52
2025-11-03 16:13:33,744 [INFO] ConfigFileManager:1595 - The Die is : DIE415
2025-11-03 16:13:33,764 [INFO] ApiDbMcu:532 - Load IP Config File for FATFS
2025-11-03 16:13:33,767 [INFO] ApiDbMcu:532 - Load IP Config File for FREERTOS
2025-11-03 16:13:33,790 [INFO] ApiDbMcu:532 - Load IP Config File for TOUCHSENSING
2025-11-03 16:13:33,812 [INFO] ApiDbMcu:532 - Load IP Config File for USB_DEVICE
2025-11-03 16:13:33,816 [INFO] ApiDbMcu:532 - Load IP Config File for USB_HOST
2025-11-03 16:13:35,520 [INFO] ProjectBuilder:5496 - Time for Generating toolchain IDE Files: 1909mS.
2025-11-03 16:13:35,521 [INFO] ProjectBuilder:3463 - Time for Copy CMSIS : 1mS.
2025-11-03 16:13:35,521 [INFO] ProjectBuilder:3463 - Time for Copy CMSIS : 0mS.
2025-11-03 16:13:36,548 [INFO] McuFinderGlobals:76 - Set McuFinderConnectedMode to true
2025-11-03 16:13:36,550 [INFO] ApiDb:448 - Save user favorites file /home/pinkyflowy/.stm32cubeide/favorites.mcus.txt: 0 item(s)
2025-11-03 16:13:36,550 [INFO] ApiDb:452 - User favorites MCUs=[]
2025-11-03 16:13:36,551 [INFO] ApiDb:448 - Save user favorites file /home/pinkyflowy/.stm32cubeide/favorites.boards.txt: 0 item(s)
2025-11-03 16:13:36,551 [INFO] ApiDb:452 - User favorites Boards=[]
2025-11-03 16:14:35,716 [INFO] RtosManager:1018 - Current active RTOS is FREERTOS [Cortex-M4NS]
2025-11-03 16:14:36,108 [WARN] FreeRTOS:563 - Case being investigated as it may cause exception (when called to early by set config state
2025-11-03 16:14:36,400 [ERROR] RtosPanel:558 - Can not restore the selected Tab for FREERTOS(A reason can be that the tab is no more available.)
2025-11-03 16:14:36,477 [ERROR] RtosPanel:558 - Can not restore the selected Tab for FREERTOS(A reason can be that the tab is no more available.)
2025-11-03 16:16:11,346 [ERROR] RtosPanel:558 - Can not restore the selected Tab for FREERTOS(A reason can be that the tab is no more available.)
2025-11-03 16:16:11,465 [ERROR] RtosPanel:558 - Can not restore the selected Tab for FREERTOS(A reason can be that the tab is no more available.)
2025-11-03 16:16:11,686 [ERROR] RtosPanel:558 - Can not restore the selected Tab for FREERTOS(A reason can be that the tab is no more available.)
2025-11-03 16:17:00,696 [ERROR] RtosPanel:558 - Can not restore the selected Tab for FREERTOS(A reason can be that the tab is no more available.)
2025-11-03 16:17:50,522 [INFO] UtilMem:75 - End SaveConfig() Used Memory: 614538440 Bytes (1073741824)
2025-11-03 16:19:11,574 [INFO] UtilMem:75 - End SaveConfig() Used Memory: 899576888 Bytes (1073741824)
2025-11-03 16:19:14,717 [INFO] UtilMem:75 - End SaveConfig() Used Memory: 718153424 Bytes (1073741824)
2025-11-03 16:19:17,708 [INFO] UtilMem:75 - End SaveConfig() Used Memory: 813047504 Bytes (1073741824)
2025-11-03 16:19:18,341 [INFO] BlockDiagram:2775 - set Specific Code input for plugin: SPI
2025-11-03 16:19:18,341 [INFO] BlockDiagram:2775 - set Specific Code input for plugin: FREERTOS
2025-11-03 16:19:18,341 [INFO] BlockDiagram:2775 - set Specific Code input for plugin: DFSDM
2025-11-03 16:19:18,341 [INFO] BlockDiagram:2775 - set Specific Code input for plugin: SYS
2025-11-03 16:19:18,341 [INFO] BlockDiagram:2775 - set Specific Code input for plugin: RCC
2025-11-03 16:19:18,341 [INFO] BlockDiagram:2775 - set Specific Code input for plugin: I2C
2025-11-03 16:19:18,341 [INFO] BlockDiagram:2775 - set Specific Code input for plugin: USB_OTG_FS
2025-11-03 16:19:18,341 [INFO] BlockDiagram:2775 - set Specific Code input for plugin: NVIC
2025-11-03 16:19:18,341 [INFO] BlockDiagram:2775 - set Specific Code input for plugin: USART
2025-11-03 16:19:18,341 [INFO] BlockDiagram:2775 - set Specific Code input for plugin: USART
2025-11-03 16:19:18,342 [INFO] BlockDiagram:2775 - set Specific Code input for plugin: GPIO
2025-11-03 16:19:18,342 [INFO] BlockDiagram:2775 - set Specific Code input for plugin: QUADSPI
2025-11-03 16:19:18,342 [INFO] CodeGenerator:892 - code generatio: config db path: /opt/st/stm32cubeide_1.19.0/plugins/com.st.stm32cube.common.mx_6.15.0.202507011659//db/
2025-11-03 16:19:18,545 [INFO] CodeEngine:265 - oldGeneratedFile, /home/pinkyflowy/Escritorio/Sistemas-Empotrados-en-Tiempo-Real/Practica 4/MXTmpFiles/license.tmp_save
2025-11-03 16:19:18,766 [INFO] CodeEngine:289 - Generated code: /home/pinkyflowy/Escritorio/Sistemas-Empotrados-en-Tiempo-Real/Practica 4/MXTmpFiles/license.tmp
2025-11-03 16:19:19,261 [INFO] CodeEngine:265 - oldGeneratedFile, /home/pinkyflowy/Escritorio/Sistemas-Empotrados-en-Tiempo-Real/Practica 4/MXTmpFiles/gpio.tmp_save
2025-11-03 16:19:19,424 [INFO] CodeEngine:289 - Generated code: /home/pinkyflowy/Escritorio/Sistemas-Empotrados-en-Tiempo-Real/Practica 4/MXTmpFiles/gpio.tmp
2025-11-03 16:19:22,245 [WARN] IPConfigManager:3238 - Warning: the RefConfig PWREx_EnableUSBVoltageDetector is not available in your config.xml file
2025-11-03 16:19:22,264 [INFO] Middleware:1452 - No code input for Bsp Dependency
2025-11-03 16:19:22,288 [INFO] CodeEngine:265 - oldGeneratedFile, /home/pinkyflowy/Escritorio/Sistemas-Empotrados-en-Tiempo-Real/Practica 4/MXTmpFiles/rtos_inc.tmp_save
2025-11-03 16:19:22,367 [INFO] CodeEngine:289 - Generated code: /home/pinkyflowy/Escritorio/Sistemas-Empotrados-en-Tiempo-Real/Practica 4/MXTmpFiles/rtos_inc.tmp
2025-11-03 16:19:22,370 [INFO] CodeEngine:265 - oldGeneratedFile, /home/pinkyflowy/Escritorio/Sistemas-Empotrados-en-Tiempo-Real/Practica 4/MXTmpFiles/rtos_kernelInit.tmp_save
2025-11-03 16:19:22,444 [INFO] CodeEngine:289 - Generated code: /home/pinkyflowy/Escritorio/Sistemas-Empotrados-en-Tiempo-Real/Practica 4/MXTmpFiles/rtos_kernelInit.tmp
2025-11-03 16:19:22,446 [INFO] CodeEngine:265 - oldGeneratedFile, /home/pinkyflowy/Escritorio/Sistemas-Empotrados-en-Tiempo-Real/Practica 4/MXTmpFiles/rtos_kernelStart.tmp_save
2025-11-03 16:19:22,507 [INFO] CodeEngine:289 - Generated code: /home/pinkyflowy/Escritorio/Sistemas-Empotrados-en-Tiempo-Real/Practica 4/MXTmpFiles/rtos_kernelStart.tmp
2025-11-03 16:19:22,509 [INFO] CodeEngine:265 - oldGeneratedFile, /home/pinkyflowy/Escritorio/Sistemas-Empotrados-en-Tiempo-Real/Practica 4/MXTmpFiles/rtos_typedefs.tmp_save
2025-11-03 16:19:22,569 [INFO] CodeEngine:289 - Generated code: /home/pinkyflowy/Escritorio/Sistemas-Empotrados-en-Tiempo-Real/Practica 4/MXTmpFiles/rtos_typedefs.tmp
2025-11-03 16:19:22,571 [INFO] CodeEngine:265 - oldGeneratedFile, /home/pinkyflowy/Escritorio/Sistemas-Empotrados-en-Tiempo-Real/Practica 4/MXTmpFiles/rtos_vars.tmp_save
2025-11-03 16:19:22,630 [INFO] CodeEngine:289 - Generated code: /home/pinkyflowy/Escritorio/Sistemas-Empotrados-en-Tiempo-Real/Practica 4/MXTmpFiles/rtos_vars.tmp
2025-11-03 16:19:22,655 [INFO] CodeEngine:265 - oldGeneratedFile, /home/pinkyflowy/Escritorio/Sistemas-Empotrados-en-Tiempo-Real/Practica 4/MXTmpFiles/rtos_pfp.tmp_save
2025-11-03 16:19:22,712 [INFO] CodeEngine:289 - Generated code: /home/pinkyflowy/Escritorio/Sistemas-Empotrados-en-Tiempo-Real/Practica 4/MXTmpFiles/rtos_pfp.tmp
2025-11-03 16:19:22,714 [INFO] CodeEngine:265 - oldGeneratedFile, /home/pinkyflowy/Escritorio/Sistemas-Empotrados-en-Tiempo-Real/Practica 4/MXTmpFiles/rtos_obj_creat.tmp_save
2025-11-03 16:19:22,771 [INFO] CodeEngine:289 - Generated code: /home/pinkyflowy/Escritorio/Sistemas-Empotrados-en-Tiempo-Real/Practica 4/MXTmpFiles/rtos_obj_creat.tmp
2025-11-03 16:19:22,773 [INFO] CodeEngine:265 - oldGeneratedFile, /home/pinkyflowy/Escritorio/Sistemas-Empotrados-en-Tiempo-Real/Practica 4/MXTmpFiles/rtos_default_thread.tmp_save
2025-11-03 16:19:22,855 [INFO] CodeEngine:289 - Generated code: /home/pinkyflowy/Escritorio/Sistemas-Empotrados-en-Tiempo-Real/Practica 4/MXTmpFiles/rtos_default_thread.tmp
2025-11-03 16:19:22,856 [INFO] CodeEngine:265 - oldGeneratedFile, /home/pinkyflowy/Escritorio/Sistemas-Empotrados-en-Tiempo-Real/Practica 4/MXTmpFiles/rtos_threads.tmp_save
2025-11-03 16:19:22,929 [INFO] CodeEngine:289 - Generated code: /home/pinkyflowy/Escritorio/Sistemas-Empotrados-en-Tiempo-Real/Practica 4/MXTmpFiles/rtos_threads.tmp
2025-11-03 16:19:22,946 [INFO] Middleware:1452 - No code input for Bsp Dependency
2025-11-03 16:19:22,949 [INFO] CodeEngine:265 - oldGeneratedFile, /home/pinkyflowy/Escritorio/Sistemas-Empotrados-en-Tiempo-Real/Practica 4/MXTmpFiles/rtos_inc.tmp_save
2025-11-03 16:19:23,117 [INFO] CodeEngine:289 - Generated code: /home/pinkyflowy/Escritorio/Sistemas-Empotrados-en-Tiempo-Real/Practica 4/MXTmpFiles/rtos_inc.tmp
2025-11-03 16:19:23,119 [INFO] CodeEngine:265 - oldGeneratedFile, /home/pinkyflowy/Escritorio/Sistemas-Empotrados-en-Tiempo-Real/Practica 4/MXTmpFiles/rtos_kernelInit.tmp_save
2025-11-03 16:19:23,291 [INFO] CodeEngine:289 - Generated code: /home/pinkyflowy/Escritorio/Sistemas-Empotrados-en-Tiempo-Real/Practica 4/MXTmpFiles/rtos_kernelInit.tmp
2025-11-03 16:19:23,296 [INFO] CodeEngine:265 - oldGeneratedFile, /home/pinkyflowy/Escritorio/Sistemas-Empotrados-en-Tiempo-Real/Practica 4/MXTmpFiles/rtos_kernelStart.tmp_save
2025-11-03 16:19:23,386 [INFO] CodeEngine:289 - Generated code: /home/pinkyflowy/Escritorio/Sistemas-Empotrados-en-Tiempo-Real/Practica 4/MXTmpFiles/rtos_kernelStart.tmp
2025-11-03 16:19:23,388 [INFO] CodeEngine:265 - oldGeneratedFile, /home/pinkyflowy/Escritorio/Sistemas-Empotrados-en-Tiempo-Real/Practica 4/MXTmpFiles/rtos_typedefs.tmp_save
2025-11-03 16:19:23,447 [INFO] CodeEngine:289 - Generated code: /home/pinkyflowy/Escritorio/Sistemas-Empotrados-en-Tiempo-Real/Practica 4/MXTmpFiles/rtos_typedefs.tmp
2025-11-03 16:19:23,449 [INFO] CodeEngine:265 - oldGeneratedFile, /home/pinkyflowy/Escritorio/Sistemas-Empotrados-en-Tiempo-Real/Practica 4/MXTmpFiles/rtos_vars.tmp_save
2025-11-03 16:19:23,515 [INFO] CodeEngine:289 - Generated code: /home/pinkyflowy/Escritorio/Sistemas-Empotrados-en-Tiempo-Real/Practica 4/MXTmpFiles/rtos_vars.tmp
2025-11-03 16:19:23,516 [INFO] CodeEngine:265 - oldGeneratedFile, /home/pinkyflowy/Escritorio/Sistemas-Empotrados-en-Tiempo-Real/Practica 4/MXTmpFiles/rtos_pfp.tmp_save
2025-11-03 16:19:23,579 [INFO] CodeEngine:289 - Generated code: /home/pinkyflowy/Escritorio/Sistemas-Empotrados-en-Tiempo-Real/Practica 4/MXTmpFiles/rtos_pfp.tmp
2025-11-03 16:19:23,580 [INFO] CodeEngine:265 - oldGeneratedFile, /home/pinkyflowy/Escritorio/Sistemas-Empotrados-en-Tiempo-Real/Practica 4/MXTmpFiles/rtos_obj_creat.tmp_save
2025-11-03 16:19:23,639 [INFO] CodeEngine:289 - Generated code: /home/pinkyflowy/Escritorio/Sistemas-Empotrados-en-Tiempo-Real/Practica 4/MXTmpFiles/rtos_obj_creat.tmp
2025-11-03 16:19:23,641 [INFO] CodeEngine:265 - oldGeneratedFile, /home/pinkyflowy/Escritorio/Sistemas-Empotrados-en-Tiempo-Real/Practica 4/MXTmpFiles/rtos_default_thread.tmp_save
2025-11-03 16:19:23,700 [INFO] CodeEngine:289 - Generated code: /home/pinkyflowy/Escritorio/Sistemas-Empotrados-en-Tiempo-Real/Practica 4/MXTmpFiles/rtos_default_thread.tmp
2025-11-03 16:19:23,702 [INFO] CodeEngine:265 - oldGeneratedFile, /home/pinkyflowy/Escritorio/Sistemas-Empotrados-en-Tiempo-Real/Practica 4/MXTmpFiles/rtos_threads.tmp_save
2025-11-03 16:19:23,758 [INFO] CodeEngine:289 - Generated code: /home/pinkyflowy/Escritorio/Sistemas-Empotrados-en-Tiempo-Real/Practica 4/MXTmpFiles/rtos_threads.tmp
2025-11-03 16:19:23,760 [INFO] CodeEngine:265 - oldGeneratedFile, /home/pinkyflowy/Escritorio/Sistemas-Empotrados-en-Tiempo-Real/Practica 4/Core/Inc/FreeRTOSConfig.h_save
2025-11-03 16:19:23,837 [INFO] CodeEngine:289 - Generated code: /home/pinkyflowy/Escritorio/Sistemas-Empotrados-en-Tiempo-Real/Practica 4/Core/Inc/FreeRTOSConfig.h
2025-11-03 16:19:23,839 [INFO] CodeEngine:265 - oldGeneratedFile, /home/pinkyflowy/Escritorio/Sistemas-Empotrados-en-Tiempo-Real/Practica 4/Core/Src/freertos.c_save
2025-11-03 16:19:23,900 [INFO] CodeEngine:289 - Generated code: /home/pinkyflowy/Escritorio/Sistemas-Empotrados-en-Tiempo-Real/Practica 4/Core/Src/freertos.c
2025-11-03 16:19:23,931 [INFO] CodeEngine:265 - oldGeneratedFile, /home/pinkyflowy/Escritorio/Sistemas-Empotrados-en-Tiempo-Real/Practica 4/Core/Src/stm32l4xx_it.c_save
2025-11-03 16:19:24,074 [INFO] CodeEngine:289 - Generated code: /home/pinkyflowy/Escritorio/Sistemas-Empotrados-en-Tiempo-Real/Practica 4/Core/Src/stm32l4xx_it.c
2025-11-03 16:19:24,201 [INFO] CodeEngine:265 - oldGeneratedFile, /home/pinkyflowy/Escritorio/Sistemas-Empotrados-en-Tiempo-Real/Practica 4/Core/Inc/stm32l4xx_it.h_save
2025-11-03 16:19:24,435 [INFO] CodeEngine:289 - Generated code: /home/pinkyflowy/Escritorio/Sistemas-Empotrados-en-Tiempo-Real/Practica 4/Core/Inc/stm32l4xx_it.h
2025-11-03 16:19:24,463 [INFO] CodeEngine:265 - oldGeneratedFile, /home/pinkyflowy/Escritorio/Sistemas-Empotrados-en-Tiempo-Real/Practica 4/Core/Src/stm32l4xx_hal_msp.c_save
2025-11-03 16:19:24,612 [INFO] CodeEngine:289 - Generated code: /home/pinkyflowy/Escritorio/Sistemas-Empotrados-en-Tiempo-Real/Practica 4/Core/Src/stm32l4xx_hal_msp.c
2025-11-03 16:19:24,614 [INFO] CodeEngine:265 - oldGeneratedFile, /home/pinkyflowy/Escritorio/Sistemas-Empotrados-en-Tiempo-Real/Practica 4/MXTmpFiles/system.tmp_save
2025-11-03 16:19:24,677 [INFO] CodeEngine:289 - Generated code: /home/pinkyflowy/Escritorio/Sistemas-Empotrados-en-Tiempo-Real/Practica 4/MXTmpFiles/system.tmp
2025-11-03 16:19:24,679 [INFO] CodeEngine:265 - oldGeneratedFile, /home/pinkyflowy/Escritorio/Sistemas-Empotrados-en-Tiempo-Real/Practica 4/Core/Src/stm32l4xx_hal_timebase_tim.c_save
2025-11-03 16:19:24,745 [INFO] CodeEngine:289 - Generated code: /home/pinkyflowy/Escritorio/Sistemas-Empotrados-en-Tiempo-Real/Practica 4/Core/Src/stm32l4xx_hal_timebase_tim.c
2025-11-03 16:19:24,749 [INFO] CodeEngine:321 - oldGeneratedFile, /home/pinkyflowy/Escritorio/Sistemas-Empotrados-en-Tiempo-Real/Practica 4/Core/Inc/stm32l4xx_hal_conf.h_save
2025-11-03 16:19:24,811 [INFO] CodeEngine:345 - Generated code: /home/pinkyflowy/Escritorio/Sistemas-Empotrados-en-Tiempo-Real/Practica 4/Core/Inc/stm32l4xx_hal_conf.h
2025-11-03 16:19:24,836 [WARN] IPConfigManager:3811 - IP not found : USB_OTG
2025-11-03 16:19:24,837 [WARN] CodeGenerator:4259 - IP not found : null
2025-11-03 16:19:24,840 [INFO] CodeEngine:265 - oldGeneratedFile, /home/pinkyflowy/Escritorio/Sistemas-Empotrados-en-Tiempo-Real/Practica 4/Core/Inc/main.h_save
2025-11-03 16:19:24,904 [INFO] CodeEngine:289 - Generated code: /home/pinkyflowy/Escritorio/Sistemas-Empotrados-en-Tiempo-Real/Practica 4/Core/Inc/main.h
2025-11-03 16:19:24,906 [INFO] CodeEngine:265 - oldGeneratedFile, /home/pinkyflowy/Escritorio/Sistemas-Empotrados-en-Tiempo-Real/Practica 4/Core/Src/main.c_save
2025-11-03 16:19:25,041 [INFO] CodeEngine:289 - Generated code: /home/pinkyflowy/Escritorio/Sistemas-Empotrados-en-Tiempo-Real/Practica 4/Core/Src/main.c
2025-11-03 16:19:25,903 [INFO] ProjectBuilder:3606 - Time for Copy HAL[1] : 660mS.
2025-11-03 16:19:25,911 [INFO] ProjectBuilder:5216 - Project Generator version: 4.7.0-B52
2025-11-03 16:19:26,046 [INFO] ConfigFileManager:1595 - The Die is : DIE415
2025-11-03 16:19:27,376 [INFO] ProjectBuilder:5496 - Time for Generating toolchain IDE Files: 1464mS.
2025-11-03 16:19:27,376 [INFO] ProjectBuilder:3463 - Time for Copy CMSIS : 0mS.
2025-11-03 16:19:27,378 [INFO] ProjectBuilder:3463 - Time for Copy CMSIS : 0mS.
2025-11-03 16:30:00,992 [INFO] UtilMem:75 - End SaveConfig() Used Memory: 653478136 Bytes (1073741824)
2025-11-03 16:30:01,076 [INFO] UtilMem:75 - End SaveConfig() Used Memory: 668682488 Bytes (1073741824)
2025-11-03 16:30:04,185 [INFO] UtilMem:75 - End SaveConfig() Used Memory: 711149816 Bytes (1073741824)
2025-11-03 16:30:04,369 [INFO] BlockDiagram:2775 - set Specific Code input for plugin: SPI
2025-11-03 16:30:04,369 [INFO] BlockDiagram:2775 - set Specific Code input for plugin: FREERTOS
2025-11-03 16:30:04,369 [INFO] BlockDiagram:2775 - set Specific Code input for plugin: DFSDM
2025-11-03 16:30:04,369 [INFO] BlockDiagram:2775 - set Specific Code input for plugin: SYS
2025-11-03 16:30:04,369 [INFO] BlockDiagram:2775 - set Specific Code input for plugin: RCC
2025-11-03 16:30:04,369 [INFO] BlockDiagram:2775 - set Specific Code input for plugin: I2C
2025-11-03 16:30:04,369 [INFO] BlockDiagram:2775 - set Specific Code input for plugin: USB_OTG_FS
2025-11-03 16:30:04,369 [INFO] BlockDiagram:2775 - set Specific Code input for plugin: NVIC
2025-11-03 16:30:04,369 [INFO] BlockDiagram:2775 - set Specific Code input for plugin: USART
2025-11-03 16:30:04,369 [INFO] BlockDiagram:2775 - set Specific Code input for plugin: USART
2025-11-03 16:30:04,370 [INFO] BlockDiagram:2775 - set Specific Code input for plugin: GPIO
2025-11-03 16:30:04,370 [INFO] BlockDiagram:2775 - set Specific Code input for plugin: QUADSPI
2025-11-03 16:30:04,370 [INFO] CodeGenerator:892 - code generatio: config db path: /opt/st/stm32cubeide_1.19.0/plugins/com.st.stm32cube.common.mx_6.15.0.202507011659//db/
2025-11-03 16:30:04,692 [INFO] CodeEngine:265 - oldGeneratedFile, /home/pinkyflowy/Escritorio/Sistemas-Empotrados-en-Tiempo-Real/Practica 4/MXTmpFiles/license.tmp_save
2025-11-03 16:30:04,833 [INFO] CodeEngine:289 - Generated code: /home/pinkyflowy/Escritorio/Sistemas-Empotrados-en-Tiempo-Real/Practica 4/MXTmpFiles/license.tmp
2025-11-03 16:30:05,108 [INFO] CodeEngine:265 - oldGeneratedFile, /home/pinkyflowy/Escritorio/Sistemas-Empotrados-en-Tiempo-Real/Practica 4/MXTmpFiles/gpio.tmp_save
2025-11-03 16:30:05,209 [INFO] CodeEngine:289 - Generated code: /home/pinkyflowy/Escritorio/Sistemas-Empotrados-en-Tiempo-Real/Practica 4/MXTmpFiles/gpio.tmp
2025-11-03 16:30:07,330 [WARN] IPConfigManager:3238 - Warning: the RefConfig PWREx_EnableUSBVoltageDetector is not available in your config.xml file
2025-11-03 16:30:07,348 [INFO] Middleware:1452 - No code input for Bsp Dependency
2025-11-03 16:30:07,351 [INFO] CodeEngine:265 - oldGeneratedFile, /home/pinkyflowy/Escritorio/Sistemas-Empotrados-en-Tiempo-Real/Practica 4/MXTmpFiles/rtos_inc.tmp_save
2025-11-03 16:30:07,404 [INFO] CodeEngine:289 - Generated code: /home/pinkyflowy/Escritorio/Sistemas-Empotrados-en-Tiempo-Real/Practica 4/MXTmpFiles/rtos_inc.tmp
2025-11-03 16:30:07,405 [INFO] CodeEngine:265 - oldGeneratedFile, /home/pinkyflowy/Escritorio/Sistemas-Empotrados-en-Tiempo-Real/Practica 4/MXTmpFiles/rtos_kernelInit.tmp_save
2025-11-03 16:30:07,459 [INFO] CodeEngine:289 - Generated code: /home/pinkyflowy/Escritorio/Sistemas-Empotrados-en-Tiempo-Real/Practica 4/MXTmpFiles/rtos_kernelInit.tmp
2025-11-03 16:30:07,460 [INFO] CodeEngine:265 - oldGeneratedFile, /home/pinkyflowy/Escritorio/Sistemas-Empotrados-en-Tiempo-Real/Practica 4/MXTmpFiles/rtos_kernelStart.tmp_save
2025-11-03 16:30:07,512 [INFO] CodeEngine:289 - Generated code: /home/pinkyflowy/Escritorio/Sistemas-Empotrados-en-Tiempo-Real/Practica 4/MXTmpFiles/rtos_kernelStart.tmp
2025-11-03 16:30:07,513 [INFO] CodeEngine:265 - oldGeneratedFile, /home/pinkyflowy/Escritorio/Sistemas-Empotrados-en-Tiempo-Real/Practica 4/MXTmpFiles/rtos_typedefs.tmp_save
2025-11-03 16:30:07,566 [INFO] CodeEngine:289 - Generated code: /home/pinkyflowy/Escritorio/Sistemas-Empotrados-en-Tiempo-Real/Practica 4/MXTmpFiles/rtos_typedefs.tmp
2025-11-03 16:30:07,567 [INFO] CodeEngine:265 - oldGeneratedFile, /home/pinkyflowy/Escritorio/Sistemas-Empotrados-en-Tiempo-Real/Practica 4/MXTmpFiles/rtos_vars.tmp_save
2025-11-03 16:30:07,621 [INFO] CodeEngine:289 - Generated code: /home/pinkyflowy/Escritorio/Sistemas-Empotrados-en-Tiempo-Real/Practica 4/MXTmpFiles/rtos_vars.tmp
2025-11-03 16:30:07,623 [INFO] CodeEngine:265 - oldGeneratedFile, /home/pinkyflowy/Escritorio/Sistemas-Empotrados-en-Tiempo-Real/Practica 4/MXTmpFiles/rtos_pfp.tmp_save
2025-11-03 16:30:07,676 [INFO] CodeEngine:289 - Generated code: /home/pinkyflowy/Escritorio/Sistemas-Empotrados-en-Tiempo-Real/Practica 4/MXTmpFiles/rtos_pfp.tmp
2025-11-03 16:30:07,677 [INFO] CodeEngine:265 - oldGeneratedFile, /home/pinkyflowy/Escritorio/Sistemas-Empotrados-en-Tiempo-Real/Practica 4/MXTmpFiles/rtos_obj_creat.tmp_save
2025-11-03 16:30:07,734 [INFO] CodeEngine:289 - Generated code: /home/pinkyflowy/Escritorio/Sistemas-Empotrados-en-Tiempo-Real/Practica 4/MXTmpFiles/rtos_obj_creat.tmp
2025-11-03 16:30:07,735 [INFO] CodeEngine:265 - oldGeneratedFile, /home/pinkyflowy/Escritorio/Sistemas-Empotrados-en-Tiempo-Real/Practica 4/MXTmpFiles/rtos_default_thread.tmp_save
2025-11-03 16:30:07,787 [INFO] CodeEngine:289 - Generated code: /home/pinkyflowy/Escritorio/Sistemas-Empotrados-en-Tiempo-Real/Practica 4/MXTmpFiles/rtos_default_thread.tmp
2025-11-03 16:30:07,788 [INFO] CodeEngine:265 - oldGeneratedFile, /home/pinkyflowy/Escritorio/Sistemas-Empotrados-en-Tiempo-Real/Practica 4/MXTmpFiles/rtos_threads.tmp_save
2025-11-03 16:30:07,841 [INFO] CodeEngine:289 - Generated code: /home/pinkyflowy/Escritorio/Sistemas-Empotrados-en-Tiempo-Real/Practica 4/MXTmpFiles/rtos_threads.tmp
2025-11-03 16:30:07,850 [INFO] Middleware:1452 - No code input for Bsp Dependency
2025-11-03 16:30:07,853 [INFO] CodeEngine:265 - oldGeneratedFile, /home/pinkyflowy/Escritorio/Sistemas-Empotrados-en-Tiempo-Real/Practica 4/MXTmpFiles/rtos_inc.tmp_save
2025-11-03 16:30:07,910 [INFO] CodeEngine:289 - Generated code: /home/pinkyflowy/Escritorio/Sistemas-Empotrados-en-Tiempo-Real/Practica 4/MXTmpFiles/rtos_inc.tmp
2025-11-03 16:30:07,911 [INFO] CodeEngine:265 - oldGeneratedFile, /home/pinkyflowy/Escritorio/Sistemas-Empotrados-en-Tiempo-Real/Practica 4/MXTmpFiles/rtos_kernelInit.tmp_save
2025-11-03 16:30:08,019 [INFO] CodeEngine:289 - Generated code: /home/pinkyflowy/Escritorio/Sistemas-Empotrados-en-Tiempo-Real/Practica 4/MXTmpFiles/rtos_kernelInit.tmp
2025-11-03 16:30:08,022 [INFO] CodeEngine:265 - oldGeneratedFile, /home/pinkyflowy/Escritorio/Sistemas-Empotrados-en-Tiempo-Real/Practica 4/MXTmpFiles/rtos_kernelStart.tmp_save
2025-11-03 16:30:08,101 [INFO] CodeEngine:289 - Generated code: /home/pinkyflowy/Escritorio/Sistemas-Empotrados-en-Tiempo-Real/Practica 4/MXTmpFiles/rtos_kernelStart.tmp
2025-11-03 16:30:08,102 [INFO] CodeEngine:265 - oldGeneratedFile, /home/pinkyflowy/Escritorio/Sistemas-Empotrados-en-Tiempo-Real/Practica 4/MXTmpFiles/rtos_typedefs.tmp_save
2025-11-03 16:30:08,160 [INFO] CodeEngine:289 - Generated code: /home/pinkyflowy/Escritorio/Sistemas-Empotrados-en-Tiempo-Real/Practica 4/MXTmpFiles/rtos_typedefs.tmp
2025-11-03 16:30:08,161 [INFO] CodeEngine:265 - oldGeneratedFile, /home/pinkyflowy/Escritorio/Sistemas-Empotrados-en-Tiempo-Real/Practica 4/MXTmpFiles/rtos_vars.tmp_save
2025-11-03 16:30:08,217 [INFO] CodeEngine:289 - Generated code: /home/pinkyflowy/Escritorio/Sistemas-Empotrados-en-Tiempo-Real/Practica 4/MXTmpFiles/rtos_vars.tmp
2025-11-03 16:30:08,218 [INFO] CodeEngine:265 - oldGeneratedFile, /home/pinkyflowy/Escritorio/Sistemas-Empotrados-en-Tiempo-Real/Practica 4/MXTmpFiles/rtos_pfp.tmp_save
2025-11-03 16:30:08,271 [INFO] CodeEngine:289 - Generated code: /home/pinkyflowy/Escritorio/Sistemas-Empotrados-en-Tiempo-Real/Practica 4/MXTmpFiles/rtos_pfp.tmp
2025-11-03 16:30:08,272 [INFO] CodeEngine:265 - oldGeneratedFile, /home/pinkyflowy/Escritorio/Sistemas-Empotrados-en-Tiempo-Real/Practica 4/MXTmpFiles/rtos_obj_creat.tmp_save
2025-11-03 16:30:08,328 [INFO] CodeEngine:289 - Generated code: /home/pinkyflowy/Escritorio/Sistemas-Empotrados-en-Tiempo-Real/Practica 4/MXTmpFiles/rtos_obj_creat.tmp
2025-11-03 16:30:08,329 [INFO] CodeEngine:265 - oldGeneratedFile, /home/pinkyflowy/Escritorio/Sistemas-Empotrados-en-Tiempo-Real/Practica 4/MXTmpFiles/rtos_default_thread.tmp_save
2025-11-03 16:30:08,384 [INFO] CodeEngine:289 - Generated code: /home/pinkyflowy/Escritorio/Sistemas-Empotrados-en-Tiempo-Real/Practica 4/MXTmpFiles/rtos_default_thread.tmp
2025-11-03 16:30:08,385 [INFO] CodeEngine:265 - oldGeneratedFile, /home/pinkyflowy/Escritorio/Sistemas-Empotrados-en-Tiempo-Real/Practica 4/MXTmpFiles/rtos_threads.tmp_save
2025-11-03 16:30:08,438 [INFO] CodeEngine:289 - Generated code: /home/pinkyflowy/Escritorio/Sistemas-Empotrados-en-Tiempo-Real/Practica 4/MXTmpFiles/rtos_threads.tmp
2025-11-03 16:30:08,440 [INFO] CodeEngine:265 - oldGeneratedFile, /home/pinkyflowy/Escritorio/Sistemas-Empotrados-en-Tiempo-Real/Practica 4/Core/Inc/FreeRTOSConfig.h_save
2025-11-03 16:30:08,515 [INFO] CodeEngine:289 - Generated code: /home/pinkyflowy/Escritorio/Sistemas-Empotrados-en-Tiempo-Real/Practica 4/Core/Inc/FreeRTOSConfig.h
2025-11-03 16:30:08,517 [INFO] CodeEngine:265 - oldGeneratedFile, /home/pinkyflowy/Escritorio/Sistemas-Empotrados-en-Tiempo-Real/Practica 4/Core/Src/freertos.c_save
2025-11-03 16:30:08,581 [INFO] CodeEngine:289 - Generated code: /home/pinkyflowy/Escritorio/Sistemas-Empotrados-en-Tiempo-Real/Practica 4/Core/Src/freertos.c
2025-11-03 16:30:08,596 [INFO] CodeEngine:265 - oldGeneratedFile, /home/pinkyflowy/Escritorio/Sistemas-Empotrados-en-Tiempo-Real/Practica 4/Core/Src/stm32l4xx_it.c_save
2025-11-03 16:30:08,880 [INFO] CodeEngine:289 - Generated code: /home/pinkyflowy/Escritorio/Sistemas-Empotrados-en-Tiempo-Real/Practica 4/Core/Src/stm32l4xx_it.c
2025-11-03 16:30:08,882 [INFO] CodeEngine:265 - oldGeneratedFile, /home/pinkyflowy/Escritorio/Sistemas-Empotrados-en-Tiempo-Real/Practica 4/Core/Inc/stm32l4xx_it.h_save
2025-11-03 16:30:09,001 [INFO] CodeEngine:289 - Generated code: /home/pinkyflowy/Escritorio/Sistemas-Empotrados-en-Tiempo-Real/Practica 4/Core/Inc/stm32l4xx_it.h
2025-11-03 16:30:09,013 [INFO] CodeEngine:265 - oldGeneratedFile, /home/pinkyflowy/Escritorio/Sistemas-Empotrados-en-Tiempo-Real/Practica 4/Core/Src/stm32l4xx_hal_msp.c_save
2025-11-03 16:30:09,165 [INFO] CodeEngine:289 - Generated code: /home/pinkyflowy/Escritorio/Sistemas-Empotrados-en-Tiempo-Real/Practica 4/Core/Src/stm32l4xx_hal_msp.c
2025-11-03 16:30:09,166 [INFO] CodeEngine:265 - oldGeneratedFile, /home/pinkyflowy/Escritorio/Sistemas-Empotrados-en-Tiempo-Real/Practica 4/MXTmpFiles/system.tmp_save
2025-11-03 16:30:09,231 [INFO] CodeEngine:289 - Generated code: /home/pinkyflowy/Escritorio/Sistemas-Empotrados-en-Tiempo-Real/Practica 4/MXTmpFiles/system.tmp
2025-11-03 16:30:09,233 [INFO] CodeEngine:265 - oldGeneratedFile, /home/pinkyflowy/Escritorio/Sistemas-Empotrados-en-Tiempo-Real/Practica 4/Core/Src/stm32l4xx_hal_timebase_tim.c_save
2025-11-03 16:30:09,295 [INFO] CodeEngine:289 - Generated code: /home/pinkyflowy/Escritorio/Sistemas-Empotrados-en-Tiempo-Real/Practica 4/Core/Src/stm32l4xx_hal_timebase_tim.c
2025-11-03 16:30:09,298 [INFO] CodeEngine:321 - oldGeneratedFile, /home/pinkyflowy/Escritorio/Sistemas-Empotrados-en-Tiempo-Real/Practica 4/Core/Inc/stm32l4xx_hal_conf.h_save
2025-11-03 16:30:09,358 [INFO] CodeEngine:345 - Generated code: /home/pinkyflowy/Escritorio/Sistemas-Empotrados-en-Tiempo-Real/Practica 4/Core/Inc/stm32l4xx_hal_conf.h
2025-11-03 16:30:09,381 [WARN] IPConfigManager:3811 - IP not found : USB_OTG
2025-11-03 16:30:09,382 [WARN] CodeGenerator:4259 - IP not found : null
2025-11-03 16:30:09,384 [INFO] CodeEngine:265 - oldGeneratedFile, /home/pinkyflowy/Escritorio/Sistemas-Empotrados-en-Tiempo-Real/Practica 4/Core/Inc/main.h_save
2025-11-03 16:30:09,469 [INFO] CodeEngine:289 - Generated code: /home/pinkyflowy/Escritorio/Sistemas-Empotrados-en-Tiempo-Real/Practica 4/Core/Inc/main.h
2025-11-03 16:30:09,470 [INFO] CodeEngine:265 - oldGeneratedFile, /home/pinkyflowy/Escritorio/Sistemas-Empotrados-en-Tiempo-Real/Practica 4/Core/Src/main.c_save
2025-11-03 16:30:09,563 [INFO] CodeEngine:289 - Generated code: /home/pinkyflowy/Escritorio/Sistemas-Empotrados-en-Tiempo-Real/Practica 4/Core/Src/main.c
2025-11-03 16:30:09,797 [INFO] ProjectBuilder:3606 - Time for Copy HAL[1] : 42mS.
2025-11-03 16:30:09,799 [INFO] ProjectBuilder:5216 - Project Generator version: 4.7.0-B52
2025-11-03 16:30:09,885 [INFO] ConfigFileManager:1595 - The Die is : DIE415
2025-11-03 16:30:10,679 [INFO] ProjectBuilder:5496 - Time for Generating toolchain IDE Files: 879mS.
2025-11-03 16:30:10,679 [INFO] ProjectBuilder:3463 - Time for Copy CMSIS : 0mS.
2025-11-03 16:30:10,680 [INFO] ProjectBuilder:3463 - Time for Copy CMSIS : 0mS.
2025-11-03 18:16:25,546 [INFO] Activator:176 - 


2025-11-03 18:16:25,561 [INFO] Activator:177 - !SESSION log4j initialized
2025-11-03 18:16:42,450 [INFO] LogOutputStream:77 - [STDOUT_REDIRECT] 
2025-11-03 18:16:46,854 [INFO] ApplicationProperties:184 - Using Application install path: /opt/st/stm32cubeide_1.19.0/plugins/com.st.stm32cube.common.mx_6.15.0.202507011659
2025-11-03 18:16:46,961 [INFO] DbMcusXml:78 - Set database path to: /opt/st/stm32cubeide_1.19.0/plugins/com.st.stm32cube.common.mx_6.15.0.202507011659//db//mcu/
2025-11-03 18:16:46,962 [INFO] ApiDb:274 - Set plugin database path to: /opt/st/stm32cubeide_1.19.0/plugins/com.st.stm32cube.common.mx_6.15.0.202507011659//db//plugins/boardmanager/
2025-11-03 18:16:46,963 [WARN] ApiDb:259 - Overriding images path with different value:  => /opt/st/stm32cubeide_1.19.0/plugins/com.st.stm32cube.common.mx_6.15.0.202507011659//db//plugins/mcufinder/images/
2025-11-03 18:16:47,069 [INFO] ApiDb:250 - Set database path to: /home/pinkyflowy/.stmcufinder/plugins/mcufinder//mcu/
2025-11-03 18:16:47,074 [INFO] DbMcusAds:125 - Set database path to: /home/pinkyflowy/.stmcufinder/plugins/mcufinder//mcu/
2025-11-03 18:16:47,082 [INFO] CrossReferenceDbSqlite:203 - Set database path to: /home/pinkyflowy/.stmcufinder/plugins/mcufinder//mcu/cs/
2025-11-03 18:16:47,519 [INFO] RulesReader:64 - Compatibility file has been processed (317 Rules)
2025-11-03 18:16:47,927 [INFO] DbMcusXml:78 - Set database path to: /opt/st/stm32cubeide_1.19.0/plugins/com.st.stm32cube.common.mx_6.15.0.202507011659//db//mcu/
2025-11-03 18:16:47,927 [INFO] ApiDb:274 - Set plugin database path to: /opt/st/stm32cubeide_1.19.0/plugins/com.st.stm32cube.common.mx_6.15.0.202507011659//db//plugins/boardmanager/
2025-11-03 18:16:47,928 [INFO] ApiDb:261 - Set plugin images path to: /opt/st/stm32cubeide_1.19.0/plugins/com.st.stm32cube.common.mx_6.15.0.202507011659//db//plugins/mcufinder/images/
2025-11-03 18:16:47,929 [WARN] DbFile:41 - Overriding database path with different value: /home/pinkyflowy/.stmcufinder/plugins/mcufinder/ => /home/pinkyflowy/.stmcufinder/plugins/mcufinder
2025-11-03 18:16:47,929 [INFO] ApiDb:250 - Set database path to: /home/pinkyflowy/.stmcufinder/plugins/mcufinder//mcu/
2025-11-03 18:16:47,930 [WARN] DbFile:41 - Overriding database path with different value: /home/pinkyflowy/.stmcufinder/plugins/mcufinder/ => /home/pinkyflowy/.stmcufinder/plugins/mcufinder
2025-11-03 18:16:47,930 [INFO] DbMcusAds:125 - Set database path to: /home/pinkyflowy/.stmcufinder/plugins/mcufinder//mcu/
2025-11-03 18:16:47,931 [WARN] DbFile:41 - Overriding database path with different value: /home/pinkyflowy/.stmcufinder/plugins/mcufinder/ => /home/pinkyflowy/.stmcufinder/plugins/mcufinder
2025-11-03 18:16:47,931 [WARN] DbFile:41 - Overriding database path with different value: /home/pinkyflowy/.stmcufinder/plugins/mcufinder/ => /home/pinkyflowy/.stmcufinder/plugins/mcufinder
2025-11-03 18:16:47,931 [INFO] CrossReferenceDbSqlite:203 - Set database path to: /home/pinkyflowy/.stmcufinder/plugins/mcufinder//mcu/cs/
2025-11-03 18:16:48,361 [INFO] MainPanel:274 - HeapMemory: 268435456
2025-11-03 18:16:49,212 [INFO] DbMcusXml:78 - Set database path to: /opt/st/stm32cubeide_1.19.0/plugins/com.st.stm32cube.common.mx_6.15.0.202507011659//db//mcu/
2025-11-03 18:16:49,213 [INFO] ApiDb:274 - Set plugin database path to: /opt/st/stm32cubeide_1.19.0/plugins/com.st.stm32cube.common.mx_6.15.0.202507011659//db//plugins/boardmanager/
2025-11-03 18:16:49,213 [INFO] ApiDb:261 - Set plugin images path to: /opt/st/stm32cubeide_1.19.0/plugins/com.st.stm32cube.common.mx_6.15.0.202507011659//db//plugins/mcufinder/images/
2025-11-03 18:16:49,214 [WARN] DbFile:41 - Overriding database path with different value: /home/pinkyflowy/.stmcufinder/plugins/mcufinder/ => /home/pinkyflowy/.stmcufinder/plugins/mcufinder
2025-11-03 18:16:49,214 [INFO] ApiDb:250 - Set database path to: /home/pinkyflowy/.stmcufinder/plugins/mcufinder//mcu/
2025-11-03 18:16:49,214 [WARN] DbFile:41 - Overriding database path with different value: /home/pinkyflowy/.stmcufinder/plugins/mcufinder/ => /home/pinkyflowy/.stmcufinder/plugins/mcufinder
2025-11-03 18:16:49,214 [INFO] DbMcusAds:125 - Set database path to: /home/pinkyflowy/.stmcufinder/plugins/mcufinder//mcu/
2025-11-03 18:16:49,215 [WARN] DbFile:41 - Overriding database path with different value: /home/pinkyflowy/.stmcufinder/plugins/mcufinder/ => /home/pinkyflowy/.stmcufinder/plugins/mcufinder
2025-11-03 18:16:49,215 [WARN] DbFile:41 - Overriding database path with different value: /home/pinkyflowy/.stmcufinder/plugins/mcufinder/ => /home/pinkyflowy/.stmcufinder/plugins/mcufinder
2025-11-03 18:16:49,215 [INFO] CrossReferenceDbSqlite:203 - Set database path to: /home/pinkyflowy/.stmcufinder/plugins/mcufinder//mcu/cs/
2025-11-03 18:16:49,263 [INFO] ApplicationProperties:184 - Using Application install path: /opt/st/stm32cubeide_1.19.0/plugins/com.st.stm32cube.common.mx_6.15.0.202507011659
2025-11-03 18:16:49,276 [INFO] PluginManage:196 - Search for loadable plugins [exclusion list=, ]
2025-11-03 18:16:49,301 [INFO] PluginManage:310 - Check plugin analytics
2025-11-03 18:16:50,731 [INFO] AnalyticsPlugin:253 - Accepted Software Licenses: 
2025-11-03 18:16:50,732 [INFO] AnalyticsPlugin:255 - Accepted CMSIS Pack Licenses: 
2025-11-03 18:16:50,733 [INFO] AnalyticsPlugin:257 - Accepted Firmware Licenses: FW.L4.1.18.0
2025-11-03 18:16:50,739 [INFO] PluginManage:359 - Loaded plugin analytics (category:tool,tabindex:-1)
2025-11-03 18:16:50,740 [INFO] PluginManage:310 - Check plugin cadmodel
2025-11-03 18:16:50,889 [INFO] CADModel:105 - Init CAD model plugin
2025-11-03 18:16:50,890 [INFO] PluginManage:359 - Loaded plugin cadmodel (category:power,tabindex:5)
2025-11-03 18:16:50,891 [INFO] PluginManage:310 - Check plugin clock
2025-11-03 18:16:50,945 [INFO] PluginManage:359 - Loaded plugin clock (category:base,tabindex:2)
2025-11-03 18:16:50,946 [INFO] PluginManage:310 - Check plugin ddr
2025-11-03 18:16:50,972 [INFO] PluginManage:359 - Loaded plugin ddr (category:tool,tabindex:6)
2025-11-03 18:16:50,972 [INFO] PluginManage:310 - Check plugin filemanager
2025-11-03 18:16:51,459 [INFO] PluginManage:359 - Loaded plugin filemanager (category:base,tabindex:10)
2025-11-03 18:16:51,459 [INFO] PluginManage:310 - Check plugin ipmanager
2025-11-03 18:16:51,499 [INFO] PluginManage:359 - Loaded plugin ipmanager (category:base,tabindex:5)
2025-11-03 18:16:51,500 [INFO] PluginManage:310 - Check plugin lpbam
2025-11-03 18:16:51,537 [INFO] PluginManage:359 - Loaded plugin lpbam (category:base,tabindex:0)
2025-11-03 18:16:51,538 [INFO] PluginManage:310 - Check plugin memorymap
2025-11-03 18:16:51,592 [INFO] PluginManage:359 - Loaded plugin memorymap (category:base,tabindex:4)
2025-11-03 18:16:51,592 [INFO] PluginManage:310 - Check plugin pinoutandconfiguration
2025-11-03 18:16:51,638 [INFO] PluginManage:359 - Loaded plugin pinoutandconfiguration (category:base,tabindex:1)
2025-11-03 18:16:51,639 [INFO] PluginManage:310 - Check plugin pinoutconfig
2025-11-03 18:16:52,080 [WARN] SupportedApi:132 - Cannot load RTOS API schema: s4s-elt-must-match.1: The content of 'definitions' must match (annotation?, (simpleType | complexType)?, (unique | key | keyref)*)). A problem was found starting at: attribute.
2025-11-03 18:16:52,354 [INFO] PluginManage:359 - Loaded plugin pinoutconfig (category:base,tabindex:0)
2025-11-03 18:16:52,354 [INFO] PluginManage:310 - Check plugin power
2025-11-03 18:16:52,404 [INFO] PluginManage:359 - Loaded plugin power (category:power,tabindex:4)
2025-11-03 18:16:52,405 [INFO] PluginManage:310 - Check plugin projectmanager
2025-11-03 18:16:52,443 [INFO] PluginManage:359 - Loaded plugin projectmanager (category:projectmanager,tabindex:4)
2025-11-03 18:16:52,443 [INFO] PluginManage:310 - Check plugin rif
2025-11-03 18:16:52,487 [INFO] PluginManage:359 - Loaded plugin rif (category:base,tabindex:3)
2025-11-03 18:16:52,487 [INFO] PluginManage:310 - Check plugin thirdparty
2025-11-03 18:16:53,331 [INFO] PluginManage:359 - Loaded plugin thirdparty (category:base,tabindex:-1)
2025-11-03 18:16:53,331 [WARN] IntegrityCheckThread:84 - waiting for thirdparty lock release [integrity check]
2025-11-03 18:16:53,331 [INFO] IntegrityCheckThread:86 - entering critical section [integrity check]
2025-11-03 18:16:53,331 [INFO] PluginManage:310 - Check plugin tools
2025-11-03 18:16:53,331 [INFO] ThirdPartyUpdaterWithRetryManager:70 - Updater plugin not ready yet. [1/15]
2025-11-03 18:16:53,352 [INFO] PluginManage:359 - Loaded plugin tools (category:base,tabindex:7)
2025-11-03 18:16:53,352 [INFO] PluginManage:310 - Check plugin tutovideos
2025-11-03 18:16:53,818 [INFO] PluginManage:359 - Loaded plugin tutovideos (category:base,tabindex:-1)
2025-11-03 18:16:53,818 [INFO] PluginManage:310 - Check plugin updater
2025-11-03 18:16:53,891 [INFO] PluginManage:359 - Loaded plugin updater (category:base,tabindex:12)
2025-11-03 18:16:53,892 [INFO] PluginManage:310 - Check plugin userauth
2025-11-03 18:16:53,922 [INFO] UserAuth:118 - Init User Auth plugin
2025-11-03 18:16:53,924 [INFO] PluginManage:359 - Loaded plugin userauth (category:base,tabindex:14)
2025-11-03 18:16:53,924 [INFO] PluginManage:283 - PluginManage : Loaded plugins [18]
2025-11-03 18:16:54,557 [INFO] PinOutPanel:1589 - setPackage(No Configuration,No Configuration)
2025-11-03 18:16:54,715 [INFO] CADModel:165 - CPN selected for project level
2025-11-03 18:16:54,716 [INFO] CADModel:114 - Register for checkConnection events
2025-11-03 18:16:54,793 [INFO] IPUIPlugin:80 - create IPUIPlugin
2025-11-03 18:16:54,793 [INFO] PluginManager:220 - loadIPPluginJar : add can
2025-11-03 18:16:54,818 [INFO] IPUIPlugin:80 - create IPUIPlugin
2025-11-03 18:16:54,818 [INFO] PluginManager:220 - loadIPPluginJar : add openamp
2025-11-03 18:16:54,857 [INFO] IPUIPlugin:80 - create IPUIPlugin
2025-11-03 18:16:54,857 [INFO] PluginManager:220 - loadIPPluginJar : add ddr_ctrl_phy
2025-11-03 18:16:54,877 [INFO] IPUIPlugin:80 - create IPUIPlugin
2025-11-03 18:16:54,877 [INFO] PluginManager:220 - loadIPPluginJar : add usart
2025-11-03 18:16:54,909 [INFO] IPUIPlugin:80 - create IPUIPlugin
2025-11-03 18:16:54,910 [INFO] PluginManager:220 - loadIPPluginJar : add freertos
2025-11-03 18:16:54,917 [INFO] IPUIPlugin:80 - create IPUIPlugin
2025-11-03 18:16:54,917 [INFO] PluginManager:220 - loadIPPluginJar : add opamp
2025-11-03 18:16:54,929 [INFO] IPUIPlugin:80 - create IPUIPlugin
2025-11-03 18:16:54,929 [INFO] PluginManager:220 - loadIPPluginJar : add nvic
2025-11-03 18:16:54,932 [INFO] IPUIPlugin:80 - create IPUIPlugin
2025-11-03 18:16:54,932 [INFO] PluginManager:220 - loadIPPluginJar : add tsc
2025-11-03 18:16:54,956 [INFO] IPUIPlugin:80 - create IPUIPlugin
2025-11-03 18:16:54,956 [INFO] PluginManager:220 - loadIPPluginJar : add resmgrutility
2025-11-03 18:16:54,977 [INFO] IPUIPlugin:80 - create IPUIPlugin
2025-11-03 18:16:54,982 [INFO] PluginManager:220 - loadIPPluginJar : add plateformsettings
2025-11-03 18:16:54,985 [INFO] IPUIPlugin:80 - create IPUIPlugin
2025-11-03 18:16:54,986 [INFO] PluginManager:220 - loadIPPluginJar : add hash
2025-11-03 18:16:55,006 [INFO] IPUIPlugin:80 - create IPUIPlugin
2025-11-03 18:16:55,006 [INFO] PluginManager:220 - loadIPPluginJar : add linkedlist
2025-11-03 18:16:55,009 [INFO] IPUIPlugin:80 - create IPUIPlugin
2025-11-03 18:16:55,009 [INFO] PluginManager:220 - loadIPPluginJar : add tim
2025-11-03 18:16:55,028 [INFO] IPUIPlugin:80 - create IPUIPlugin
2025-11-03 18:16:55,028 [INFO] PluginManager:220 - loadIPPluginJar : add sai
2025-11-03 18:16:55,032 [INFO] IPUIPlugin:80 - create IPUIPlugin
2025-11-03 18:16:55,032 [INFO] PluginManager:220 - loadIPPluginJar : add pdm2pcm
2025-11-03 18:16:55,035 [INFO] IPUIPlugin:80 - create IPUIPlugin
2025-11-03 18:16:55,036 [INFO] PluginManager:220 - loadIPPluginJar : add i2c
2025-11-03 18:16:55,046 [INFO] IPUIPlugin:80 - create IPUIPlugin
2025-11-03 18:16:55,046 [INFO] PluginManager:220 - loadIPPluginJar : add aes
2025-11-03 18:16:55,050 [INFO] IPUIPlugin:80 - create IPUIPlugin
2025-11-03 18:16:55,050 [INFO] PluginManager:220 - loadIPPluginJar : add touchsensing
2025-11-03 18:16:55,053 [INFO] IPUIPlugin:80 - create IPUIPlugin
2025-11-03 18:16:55,053 [INFO] PluginManager:220 - loadIPPluginJar : add gfxmmu
2025-11-03 18:16:55,057 [INFO] IPUIPlugin:80 - create IPUIPlugin
2025-11-03 18:16:55,057 [INFO] PluginManager:220 - loadIPPluginJar : add lorawan
2025-11-03 18:16:55,058 [INFO] IPUIPlugin:80 - create IPUIPlugin
2025-11-03 18:16:55,059 [INFO] PluginManager:220 - loadIPPluginJar : add genericplugin
2025-11-03 18:16:55,067 [INFO] IPUIPlugin:80 - create IPUIPlugin
2025-11-03 18:16:55,067 [INFO] PluginManager:220 - loadIPPluginJar : add quadspi
2025-11-03 18:16:55,071 [INFO] IPUIPlugin:80 - create IPUIPlugin
2025-11-03 18:16:55,071 [INFO] PluginManager:220 - loadIPPluginJar : add cryp
2025-11-03 18:16:55,074 [INFO] IPUIPlugin:80 - create IPUIPlugin
2025-11-03 18:16:55,075 [INFO] PluginManager:220 - loadIPPluginJar : add i2s
2025-11-03 18:16:55,083 [INFO] IPUIPlugin:80 - create IPUIPlugin
2025-11-03 18:16:55,083 [INFO] PluginManager:220 - loadIPPluginJar : add gic
2025-11-03 18:16:55,105 [INFO] IPUIPlugin:80 - create IPUIPlugin
2025-11-03 18:16:55,105 [INFO] PluginManager:220 - loadIPPluginJar : add mdma
2025-11-03 18:16:55,109 [INFO] IPUIPlugin:80 - create IPUIPlugin
2025-11-03 18:16:55,109 [INFO] PluginManager:220 - loadIPPluginJar : add usbx
2025-11-03 18:16:55,113 [INFO] IPUIPlugin:80 - create IPUIPlugin
2025-11-03 18:16:55,113 [INFO] PluginManager:220 - loadIPPluginJar : add gtzc
2025-11-03 18:16:55,116 [INFO] IPUIPlugin:80 - create IPUIPlugin
2025-11-03 18:16:55,116 [INFO] PluginManager:220 - loadIPPluginJar : add ucpd
2025-11-03 18:16:55,119 [INFO] IPUIPlugin:80 - create IPUIPlugin
2025-11-03 18:16:55,119 [INFO] PluginManager:220 - loadIPPluginJar : add i3c
2025-11-03 18:16:55,121 [INFO] IPUIPlugin:80 - create IPUIPlugin
2025-11-03 18:16:55,121 [INFO] PluginManager:220 - loadIPPluginJar : add fatfs
2025-11-03 18:16:55,123 [INFO] IPUIPlugin:80 - create IPUIPlugin
2025-11-03 18:16:55,123 [INFO] PluginManager:220 - loadIPPluginJar : add ltdc
2025-11-03 18:16:55,131 [INFO] IPUIPlugin:80 - create IPUIPlugin
2025-11-03 18:16:55,131 [INFO] PluginManager:220 - loadIPPluginJar : add stm32_wpan
2025-11-03 18:16:55,137 [INFO] IPUIPlugin:80 - create IPUIPlugin
2025-11-03 18:16:55,137 [INFO] PluginManager:220 - loadIPPluginJar : add ipddr
2025-11-03 18:16:55,155 [INFO] IPUIPlugin:80 - create IPUIPlugin
2025-11-03 18:16:55,155 [INFO] PluginManager:220 - loadIPPluginJar : add gpio
2025-11-03 18:16:55,162 [INFO] IPUIPlugin:80 - create IPUIPlugin
2025-11-03 18:16:55,162 [INFO] PluginManager:220 - loadIPPluginJar : add adc
2025-11-03 18:16:55,165 [INFO] IPUIPlugin:80 - create IPUIPlugin
2025-11-03 18:16:55,165 [INFO] PluginManager:220 - loadIPPluginJar : add spi
2025-11-03 18:16:55,167 [INFO] IPUIPlugin:80 - create IPUIPlugin
2025-11-03 18:16:55,167 [INFO] PluginManager:220 - loadIPPluginJar : add comp
2025-11-03 18:16:55,174 [INFO] IPUIPlugin:80 - create IPUIPlugin
2025-11-03 18:16:55,174 [INFO] PluginManager:220 - loadIPPluginJar : add dma
2025-11-03 18:16:55,176 [INFO] IPUIPlugin:80 - create IPUIPlugin
2025-11-03 18:16:55,177 [INFO] PluginManager:220 - loadIPPluginJar : add radio
2025-11-03 18:16:55,179 [INFO] IPUIPlugin:80 - create IPUIPlugin
2025-11-03 18:16:55,180 [INFO] PluginManager:220 - loadIPPluginJar : add dfsdm
2025-11-03 18:16:55,183 [INFO] IPUIPlugin:80 - create IPUIPlugin
2025-11-03 18:16:55,183 [INFO] PluginManager:220 - loadIPPluginJar : add extmemmanager
2025-11-03 18:16:55,186 [INFO] IPUIPlugin:80 - create IPUIPlugin
2025-11-03 18:16:55,187 [INFO] PluginManager:220 - loadIPPluginJar : add dma3
2025-11-03 18:16:55,189 [INFO] IPUIPlugin:80 - create IPUIPlugin
2025-11-03 18:16:55,189 [INFO] PluginManager:220 - loadIPPluginJar : add ts
2025-11-03 18:16:55,191 [INFO] IPUIPlugin:80 - create IPUIPlugin
2025-11-03 18:16:55,192 [INFO] PluginManager:220 - loadIPPluginJar : add tracer_emb
2025-11-03 18:16:55,196 [INFO] IPUIPlugin:80 - create IPUIPlugin
2025-11-03 18:16:55,197 [INFO] PluginManager:220 - loadIPPluginJar : add fmc
2025-11-03 18:16:55,381 [FATAL] Updater:351 - Updater called before beeing initialized
2025-11-03 18:16:55,467 [INFO] RulesReader:64 - Compatibility file has been processed (317 Rules)
2025-11-03 18:16:55,488 [INFO] RulesReader:64 - Compatibility file has been processed (317 Rules)
2025-11-03 18:16:55,500 [INFO] CADModel:165 - CPN selected for project level
2025-11-03 18:16:55,500 [INFO] CADModel:114 - Register for checkConnection events
2025-11-03 18:16:55,500 [FATAL] Updater:351 - Updater called before beeing initialized
2025-11-03 18:16:55,500 [ERROR] CADModel:125 - Updater not yet initialized, retry later 
2025-11-03 18:16:55,898 [FATAL] Updater:351 - Updater called before beeing initialized
2025-11-03 18:16:55,905 [INFO] CADModel:165 - CPN selected for project level
2025-11-03 18:16:55,906 [INFO] CADModel:114 - Register for checkConnection events
2025-11-03 18:16:55,906 [FATAL] Updater:351 - Updater called before beeing initialized
2025-11-03 18:16:55,906 [ERROR] CADModel:125 - Updater not yet initialized, retry later 
2025-11-03 18:16:55,910 [FATAL] Updater:351 - Updater called before beeing initialized
2025-11-03 18:16:56,095 [FATAL] Updater:351 - Updater called before beeing initialized
2025-11-03 18:16:56,114 [INFO] DbMcusAds:53 - JSON generation date=Thu Oct 02 11:36:05 CEST 2025 (1759397765645)
2025-11-03 18:16:56,115 [FATAL] Updater:351 - Updater called before beeing initialized
2025-11-03 18:16:56,303 [WARN] DetailPanel:346 - Failed to get advertising image, set to default
2025-11-03 18:16:56,332 [INFO] ThirdPartyUpdaterWithRetryManager:70 - Updater plugin not ready yet. [2/15]
2025-11-03 18:16:56,511 [FATAL] Updater:351 - Updater called before beeing initialized
2025-11-03 18:16:56,521 [FATAL] Updater:351 - Updater called before beeing initialized
2025-11-03 18:16:56,521 [FATAL] Updater:351 - Updater called before beeing initialized
2025-11-03 18:16:56,521 [WARN] DetailPanel:346 - Failed to get advertising image, set to default
2025-11-03 18:16:56,522 [FATAL] Updater:351 - Updater called before beeing initialized
2025-11-03 18:16:56,659 [ERROR] Updater:1198 - MainUpdater not yet initialized. External WinMGr cannot be set.
2025-11-03 18:16:56,667 [INFO] Updater:1134 - Updater Version found : 6.15.0
2025-11-03 18:16:56,743 [INFO] ApplicationProperties:184 - Using Application install path: /opt/st/stm32cubeide_1.19.0/plugins/com.st.stm32cube.common.mx_6.15.0.202507011659
2025-11-03 18:16:57,817 [INFO] MainUpdater:2872 - connection check result : 10
2025-11-03 18:16:57,818 [INFO] MainUpdater:3604 - Updater definition file requires update
2025-11-03 18:16:57,819 [INFO] MainUpdater:289 - Updater Check For Update Now.
2025-11-03 18:16:57,820 [INFO] MicroXplorer:498 - Change Database Version : DB.6.0.150
2025-11-03 18:16:57,846 [INFO] McuFinderGlobals:63 - Set McuFinder mode to 2 (CubeIDE integrated)
2025-11-03 18:16:57,847 [INFO] UserAuth:171 - activating auth plugin
2025-11-03 18:16:57,865 [INFO] UserAuth:487 - Internet connection configuration mode: 1
2025-11-03 18:16:57,970 [INFO] ServerAccessManage:452 - Complete download http(s) 200
2025-11-03 18:16:57,973 [INFO] ServerAccessManage:509 - Download File updaters.zip
2025-11-03 18:16:58,003 [INFO] JxBrowserEngine:152 - Initiate JxBrowser Engine with user profile folder
2025-11-03 18:16:58,408 [INFO] FileExtend:248 - Unzip File : updaters.zip
2025-11-03 18:16:58,409 [INFO] FileExtend:263 - Standard Zip Deflate
2025-11-03 18:16:59,067 [INFO] ServerAccessManage:452 - Complete download http(s) 200
2025-11-03 18:16:59,067 [INFO] ServerAccessManage:509 - Download File PacksControlFlags.xml
2025-11-03 18:16:59,333 [WARN] MainUpdater:1193 - Updater busy. Cannot search thirdparties
2025-11-03 18:16:59,334 [INFO] ThirdPartyUpdaterWithRetryManager:96 - Updater plugin is busy. [1/15]
2025-11-03 18:16:59,360 [INFO] ServerAccessManage:452 - Complete download http(s) 200
2025-11-03 18:16:59,361 [INFO] ServerAccessManage:509 - Download File cubemx.pidx
2025-11-03 18:17:00,466 [INFO] ServerAccessManage:452 - Complete download http(s) 200
2025-11-03 18:17:00,466 [INFO] ServerAccessManage:509 - Download File STMicroelectronics.FP-SNS-MOTENV1.pdsc
2025-11-03 18:17:01,696 [INFO] ServerAccessManage:452 - Complete download http(s) 200
2025-11-03 18:17:01,696 [INFO] ServerAccessManage:509 - Download File STMicroelectronics.X-CUBE-GNSS1.pdsc
2025-11-03 18:17:02,334 [WARN] MainUpdater:1193 - Updater busy. Cannot search thirdparties
2025-11-03 18:17:02,334 [INFO] ThirdPartyUpdaterWithRetryManager:96 - Updater plugin is busy. [2/15]
2025-11-03 18:17:02,923 [ERROR] ServerAccessManage:1212 - Problem, file not found on Server
2025-11-03 18:17:03,241 [ERROR] ServerAccessManage:1212 - Problem, file not found on Server
2025-11-03 18:17:03,446 [ERROR] ServerAccessManage:1212 - Problem, file not found on Server
2025-11-03 18:17:03,649 [ERROR] ServerAccessManage:1212 - Problem, file not found on Server
2025-11-03 18:17:03,866 [ERROR] ServerAccessManage:1212 - Problem, file not found on Server
2025-11-03 18:17:04,164 [ERROR] ServerAccessManage:1212 - Problem, file not found on Server
2025-11-03 18:17:05,335 [WARN] MainUpdater:1193 - Updater busy. Cannot search thirdparties
2025-11-03 18:17:05,335 [INFO] ThirdPartyUpdaterWithRetryManager:96 - Updater plugin is busy. [3/15]
2025-11-03 18:17:06,712 [WARN] PackLoader:240 - Cannot read IP mode file for STMicroelectronics.FP-SNS-MOTENV1.5.1.0
2025-11-03 18:17:06,782 [WARN] PackLoader:240 - Cannot read IP mode file for STMicroelectronics.X-CUBE-GNSS1.7.1.0
2025-11-03 18:17:06,787 [INFO] PopulateThirdPartyThread:66 - Ending populate Thread
2025-11-03 18:17:06,789 [INFO] ThirdParty:1030 - CMSIS Pack Vendor :STMicroelectronics X-CUBE-GNSS1 7.1.0
2025-11-03 18:17:06,789 [INFO] ThirdParty:1030 - CMSIS Pack Vendor :STMicroelectronics FP-SNS-MOTENV1 5.1.0
2025-11-03 18:17:06,789 [INFO] LoadServerUpdatesThread:375 - End of LoadServerUpdate Thread
2025-11-03 18:17:06,848 [INFO] CheckServerUpdateThread:120 - End of CheckServer Thread
2025-11-03 18:17:09,208 [WARN] PackLoader:240 - Cannot read IP mode file for STMicroelectronics.FP-SNS-MOTENVWB1.1.4.0
2025-11-03 18:17:09,242 [WARN] PackLoader:240 - Cannot read IP mode file for STMicroelectronics.FP-ATR-ASTRA1.2.0.2
2025-11-03 18:17:09,269 [WARN] PackLoader:240 - Cannot read IP mode file for STMicroelectronics.X-CUBE-SMBUS.2.1.0
2025-11-03 18:17:09,304 [WARN] PackLoader:240 - Cannot read IP mode file for STMicroelectronics.X-CUBE-ST60.1.0.0
2025-11-03 18:17:09,461 [WARN] PackLoader:240 - Cannot read IP mode file for STMicroelectronics.X-CUBE-AZRTOS-F7.1.1.0
2025-11-03 18:17:09,493 [WARN] PackLoader:240 - Cannot read IP mode file for STMicroelectronics.FP-SNS-MOTENV1.5.1.0
2025-11-03 18:17:09,609 [WARN] PackLoader:240 - Cannot read IP mode file for WES.I-CUBE-Cesium.1.4.0
2025-11-03 18:17:09,772 [WARN] PackLoader:240 - Cannot read IP mode file for Infineon.AIROC-Wi-Fi-Bluetooth-STM32.1.7.1
2025-11-03 18:17:09,963 [WARN] PackLoader:240 - Cannot read IP mode file for STMicroelectronics.X-CUBE-AZRTOS-H7.3.4.0
2025-11-03 18:17:10,088 [WARN] PackLoader:240 - Cannot read IP mode file for STMicroelectronics.X-CUBE-DISPLAY.3.0.0
2025-11-03 18:17:10,241 [WARN] PackLoader:240 - Cannot read IP mode file for STMicroelectronics.X-CUBE-NFC10.1.0.0
2025-11-03 18:17:10,307 [WARN] PackLoader:240 - Cannot read IP mode file for STMicroelectronics.X-CUBE-ST60.1.1.0
2025-11-03 18:17:10,349 [WARN] PackLoader:240 - Cannot read IP mode file for emotas.I-CUBE-CANOPEN.1.3.0
2025-11-03 18:17:10,354 [WARN] PackLoader:240 - Cannot read IP mode file for STMicroelectronics.X-CUBE-GNSS1.7.1.0
2025-11-03 18:17:10,389 [WARN] PackLoader:240 - Cannot read IP mode file for STMicroelectronics.FP-SNS-STBOX1.2.1.0
2025-11-03 18:17:10,417 [WARN] PackLoader:240 - Cannot read IP mode file for STMicroelectronics.FP-SNS-SMARTAG2.1.2.0
2025-11-03 18:17:10,439 [WARN] PackLoader:240 - Cannot read IP mode file for STMicroelectronics.FP-SNS-FLIGHT1.5.1.0
2025-11-03 18:17:10,512 [INFO] LogOutputStream:77 - [STDOUT_REDIRECT] 1 : Invalid condition id : UX_CORESTACK_Condition cause : null
2025-11-03 18:17:10,513 [INFO] LogOutputStream:77 - [STDOUT_REDIRECT] 1 : Invalid condition id : UX_CORESTACK_Condition cause : null
2025-11-03 18:17:10,514 [INFO] LogOutputStream:77 - [STDOUT_REDIRECT] 1 : Invalid condition id : UX_CORESTACK_Condition cause : null
2025-11-03 18:17:10,515 [INFO] LogOutputStream:77 - [STDOUT_REDIRECT] 1 : Invalid condition id : UX_CORESTACK_Condition cause : null
2025-11-03 18:17:10,515 [INFO] LogOutputStream:77 - [STDOUT_REDIRECT] 1 : Invalid condition id : UX_CORESTACK_Condition cause : null
2025-11-03 18:17:10,519 [WARN] PackLoader:240 - Cannot read IP mode file for STMicroelectronics.X-CUBE-AZRTOS-WL.2.0.0
2025-11-03 18:17:10,550 [WARN] PackLoader:240 - Cannot read IP mode file for STMicroelectronics.FP-SNS-MOTENV1.5.0.0
2025-11-03 18:17:10,584 [WARN] PackLoader:240 - Cannot read IP mode file for STMicroelectronics.X-CUBE-BLE2.3.3.0
2025-11-03 18:17:10,609 [WARN] PackLoader:240 - Cannot read IP mode file for STMicroelectronics.X-CUBE-NFC9.1.0.0
2025-11-03 18:17:10,686 [WARN] PackLoader:240 - Cannot read IP mode file for wolfSSL.I-CUBE-wolfSSL.5.8.2
2025-11-03 18:17:10,699 [WARN] PackLoader:240 - Cannot read IP mode file for STMicroelectronics.X-CUBE-BLE1.7.1.0
2025-11-03 18:17:10,763 [WARN] PackLoader:240 - Cannot read IP mode file for wolfSSL.I-CUBE-wolfMQTT.1.19.2
2025-11-03 18:17:10,893 [WARN] PackLoader:240 - Cannot read IP mode file for STMicroelectronics.X-CUBE-EEPRMA1.5.2.0
2025-11-03 18:17:10,940 [WARN] PackLoader:240 - Cannot read IP mode file for STMicroelectronics.X-CUBE-ST67W61.1.1.0
2025-11-03 18:17:11,024 [WARN] PackLoader:240 - Cannot read IP mode file for STMicroelectronics.X-CUBE-AZRTOS-G0.1.1.0
2025-11-03 18:17:11,323 [WARN] PackLoader:240 - Cannot read IP mode file for STMicroelectronics.X-CUBE-SAFEA1.1.2.2
2025-11-03 18:17:11,382 [WARN] PackLoader:240 - Cannot read IP mode file for STMicroelectronics.X-CUBE-NFC4.3.0.0
2025-11-03 18:17:11,426 [WARN] PackLoader:240 - Cannot read IP mode file for EmbeddedOffice.I-CUBE-FS-RTOS.1.0.1
2025-11-03 18:17:11,491 [WARN] PackLoader:240 - Cannot read IP mode file for STMicroelectronics.X-CUBE-WB05N.2.0.0
2025-11-03 18:17:11,502 [WARN] PackLoader:240 - Cannot read IP mode file for wolfSSL.I-CUBE-wolfTPM.3.8.0
2025-11-03 18:17:11,521 [WARN] PackLoader:240 - Cannot read IP mode file for STMicroelectronics.X-CUBE-TCPP.4.2.0
2025-11-03 18:17:11,583 [WARN] PackLoader:240 - Cannot read IP mode file for RealThread.X-CUBE-RT-Thread_Nano.4.1.1
2025-11-03 18:17:11,699 [WARN] PackLoader:240 - Cannot read IP mode file for STMicroelectronics.FP-ATR-SIGFOX1.3.2.0
2025-11-03 18:17:11,772 [WARN] PackLoader:240 - Cannot read IP mode file for ITTIA_DB.I-CUBE-ITTIADB.8.9.0
2025-11-03 18:17:11,833 [WARN] PackLoader:240 - Cannot read IP mode file for STMicroelectronics.X-CUBE-ST67W61.1.0.0
2025-11-03 18:17:11,880 [WARN] PackLoader:240 - Cannot read IP mode file for STMicroelectronics.X-CUBE-AI.10.2.0
2025-11-03 18:17:11,947 [WARN] PackLoader:240 - Cannot read IP mode file for SEGGER.I-CUBE-embOS.1.3.1
2025-11-03 18:17:12,068 [WARN] PackLoader:240 - Cannot read IP mode file for STMicroelectronics.X-CUBE-ALGOBUILD.1.4.0
2025-11-03 18:17:12,204 [WARN] PackLoader:240 - Cannot read IP mode file for STMicroelectronics.X-CUBE-MEMS1.11.3.0
2025-11-03 18:17:12,438 [WARN] PackLoader:240 - Cannot read IP mode file for STMicroelectronics.X-CUBE-PM33A1.1.0.0
2025-11-03 18:17:12,702 [WARN] PackLoader:240 - Cannot read IP mode file for STMicroelectronics.X-CUBE-AZRTOS-F4.1.1.0
2025-11-03 18:17:12,810 [WARN] PackLoader:240 - Cannot read IP mode file for Avnet-IotConnect.X-CUBE-IoTC-DA16k-PMOD.1.0.0
2025-11-03 18:17:12,886 [WARN] PackLoader:240 - Cannot read IP mode file for STMicroelectronics.X-CUBE-ISPU.2.1.0
2025-11-03 18:17:13,019 [WARN] PackLoader:240 - Cannot read IP mode file for STMicroelectronics.X-CUBE-IPS.3.2.0
2025-11-03 18:17:13,037 [WARN] PackLoader:240 - Cannot read IP mode file for STMicroelectronics.X-CUBE-NFC12.1.0.0
2025-11-03 18:17:13,161 [WARN] PackLoader:240 - Cannot read IP mode file for STMicroelectronics.X-CUBE-AZRTOS-L5.2.0.0
2025-11-03 18:17:13,229 [WARN] PackLoader:240 - Cannot read IP mode file for STMicroelectronics.X-CUBE-NFC6.3.1.0
2025-11-03 18:17:13,272 [WARN] PackLoader:240 - Cannot read IP mode file for STMicroelectronics.X-CUBE-FREERTOS.1.3.1
2025-11-03 18:17:13,500 [WARN] PackLoader:240 - Cannot read IP mode file for STMicroelectronics.X-CUBE-TOUCHGFX.4.26.0
2025-11-03 18:17:13,656 [WARN] PackLoader:240 - Cannot read IP mode file for STMicroelectronics.FP-SNS-STAIOTCFT.1.0.0
2025-11-03 18:17:13,740 [WARN] PackLoader:240 - Cannot read IP mode file for STMicroelectronics.X-CUBE-DPower.1.3.0
2025-11-03 18:17:13,840 [WARN] ConditionMgr:438 - getConditionDescription Invalid condition id : LAN8742 Phy interface Condition cause : null
2025-11-03 18:17:13,841 [WARN] PackLoader:240 - Cannot read IP mode file for STMicroelectronics.X-CUBE-AZRTOS-L4.2.0.0
2025-11-03 18:17:13,842 [WARN] ConditionMgr:1044 - genDependencies : Invalid condition id : LAN8742 Phy interface Condition cause : null
2025-11-03 18:17:13,842 [WARN] ConditionMgr:1044 - genDependencies : Invalid condition id : LAN8742 Phy interface Condition cause : null
2025-11-03 18:17:13,843 [WARN] ConditionMgr:1044 - genDependencies : Invalid condition id : LAN8742 Phy interface Condition cause : null
2025-11-03 18:17:13,988 [WARN] PackLoader:240 - Cannot read IP mode file for STMicroelectronics.X-CUBE-SFXS2LP1.4.0.0
2025-11-03 18:17:14,240 [WARN] PackLoader:240 - Cannot read IP mode file for STMicroelectronics.X-CUBE-BLEMGR.4.1.0
2025-11-03 18:17:14,321 [WARN] ConditionMgr:438 - getConditionDescription Invalid condition id : UX DEVICE CLASS RTOS Condition cause : null
2025-11-03 18:17:14,322 [WARN] ConditionMgr:438 - getConditionDescription Invalid condition id : UX DEVICE CLASS RTOS Condition cause : null
2025-11-03 18:17:14,326 [WARN] PackLoader:240 - Cannot read IP mode file for STMicroelectronics.X-CUBE-AZRTOS-WB.2.0.0
2025-11-03 18:17:14,327 [WARN] ConditionMgr:1044 - genDependencies : Invalid condition id : UX DEVICE CLASS RTOS Condition cause : null
2025-11-03 18:17:14,327 [WARN] ConditionMgr:1044 - genDependencies : Invalid condition id : UX DEVICE CLASS RTOS Condition cause : null
2025-11-03 18:17:14,328 [WARN] ConditionMgr:1044 - genDependencies : Invalid condition id : UX DEVICE CLASS RTOS Condition cause : null
2025-11-03 18:17:14,328 [WARN] ConditionMgr:1044 - genDependencies : Invalid condition id : UX DEVICE CLASS RTOS Condition cause : null
2025-11-03 18:17:14,328 [WARN] ConditionMgr:1044 - genDependencies : Invalid condition id : UX DEVICE CLASS RTOS Condition cause : null
2025-11-03 18:17:14,375 [WARN] PackLoader:240 - Cannot read IP mode file for STMicroelectronics.X-CUBE-GNSS1.7.0.1
2025-11-03 18:17:14,626 [WARN] PackLoader:240 - Cannot read IP mode file for STMicroelectronics.X-CUBE-TOUCHGFX.4.25.0
2025-11-03 18:17:14,656 [WARN] ConditionMgr:438 - getConditionDescription Invalid condition id : Cortex-A Device cause : null
2025-11-03 18:17:14,674 [WARN] ConditionMgr:1044 - genDependencies : Invalid condition id : Cortex-A Device cause : null
2025-11-03 18:17:14,674 [WARN] ConditionMgr:1044 - genDependencies : Invalid condition id : Cortex-A Device cause : null
2025-11-03 18:17:14,674 [WARN] ConditionMgr:1044 - genDependencies : Invalid condition id : Cortex-A Device cause : null
2025-11-03 18:17:14,720 [WARN] PackLoader:240 - Cannot read IP mode file for STMicroelectronics.X-CUBE-SUBG2.5.0.0
2025-11-03 18:17:14,794 [WARN] PackLoader:240 - Cannot read IP mode file for STMicroelectronics.X-CUBE-AZRTOS-H7RS.1.1.0
2025-11-03 18:17:14,823 [WARN] PackLoader:240 - Cannot read IP mode file for Cesanta.I-CUBE-Mongoose.7.13.0
2025-11-03 18:17:14,942 [WARN] PackLoader:240 - Cannot read IP mode file for STMicroelectronics.X-CUBE-AZRTOS-G4.2.0.0
2025-11-03 18:17:14,956 [WARN] PackLoader:240 - Cannot read IP mode file for wolfSSL.I-CUBE-wolfSSH.1.4.20
2025-11-03 18:17:15,013 [WARN] PackLoader:240 - Cannot read IP mode file for STMicroelectronics.X-CUBE-NFC7.2.0.0
2025-11-03 18:17:15,164 [WARN] PackLoader:240 - Cannot read IP mode file for STMicroelectronics.X-CUBE-IPS.3.1.0
2025-11-03 18:17:15,264 [WARN] PackLoader:240 - Cannot read IP mode file for STMicroelectronics.X-CUBE-ALS.1.0.2
2025-11-03 18:17:15,348 [WARN] PackLoader:240 - Cannot read IP mode file for STMicroelectronics.X-CUBE-STSE01.1.0.0
2025-11-03 18:17:15,548 [WARN] PackLoader:240 - Cannot read IP mode file for STMicroelectronics.X-CUBE-TOF1.3.4.3
2025-11-03 18:17:15,564 [INFO] ThirdParty:978 - Integrity check success = true
2025-11-03 18:17:15,565 [INFO] IntegrityCheckThread:100 - exiting critical section [integrity check]
2025-11-03 18:17:15,565 [INFO] IntegrityCheckThread:103 - End integrity checks thread
2025-11-03 18:17:35,781 [INFO] Activator:176 - 


2025-11-03 18:17:35,784 [INFO] Activator:177 - !SESSION log4j initialized
2025-11-03 18:17:43,205 [INFO] LogOutputStream:77 - [STDOUT_REDIRECT] 
2025-11-03 18:17:44,472 [INFO] ApplicationProperties:184 - Using Application install path: /opt/st/stm32cubeide_1.19.0/plugins/com.st.stm32cube.common.mx_6.15.0.202507011659
2025-11-03 18:17:44,508 [INFO] DbMcusXml:78 - Set database path to: /opt/st/stm32cubeide_1.19.0/plugins/com.st.stm32cube.common.mx_6.15.0.202507011659//db//mcu/
2025-11-03 18:17:44,509 [INFO] ApiDb:274 - Set plugin database path to: /opt/st/stm32cubeide_1.19.0/plugins/com.st.stm32cube.common.mx_6.15.0.202507011659//db//plugins/boardmanager/
2025-11-03 18:17:44,509 [WARN] ApiDb:259 - Overriding images path with different value:  => /opt/st/stm32cubeide_1.19.0/plugins/com.st.stm32cube.common.mx_6.15.0.202507011659//db//plugins/mcufinder/images/
2025-11-03 18:17:44,516 [INFO] ApiDb:250 - Set database path to: /home/pinkyflowy/.stmcufinder/plugins/mcufinder//mcu/
2025-11-03 18:17:44,519 [INFO] DbMcusAds:125 - Set database path to: /home/pinkyflowy/.stmcufinder/plugins/mcufinder//mcu/
2025-11-03 18:17:44,524 [INFO] CrossReferenceDbSqlite:203 - Set database path to: /home/pinkyflowy/.stmcufinder/plugins/mcufinder//mcu/cs/
2025-11-03 18:17:44,808 [INFO] RulesReader:64 - Compatibility file has been processed (317 Rules)
2025-11-03 18:17:44,947 [INFO] DbMcusXml:78 - Set database path to: /opt/st/stm32cubeide_1.19.0/plugins/com.st.stm32cube.common.mx_6.15.0.202507011659//db//mcu/
2025-11-03 18:17:44,948 [INFO] ApiDb:274 - Set plugin database path to: /opt/st/stm32cubeide_1.19.0/plugins/com.st.stm32cube.common.mx_6.15.0.202507011659//db//plugins/boardmanager/
2025-11-03 18:17:44,948 [INFO] ApiDb:261 - Set plugin images path to: /opt/st/stm32cubeide_1.19.0/plugins/com.st.stm32cube.common.mx_6.15.0.202507011659//db//plugins/mcufinder/images/
2025-11-03 18:17:44,949 [WARN] DbFile:41 - Overriding database path with different value: /home/pinkyflowy/.stmcufinder/plugins/mcufinder/ => /home/pinkyflowy/.stmcufinder/plugins/mcufinder
2025-11-03 18:17:44,949 [INFO] ApiDb:250 - Set database path to: /home/pinkyflowy/.stmcufinder/plugins/mcufinder//mcu/
2025-11-03 18:17:44,950 [WARN] DbFile:41 - Overriding database path with different value: /home/pinkyflowy/.stmcufinder/plugins/mcufinder/ => /home/pinkyflowy/.stmcufinder/plugins/mcufinder
2025-11-03 18:17:44,950 [INFO] DbMcusAds:125 - Set database path to: /home/pinkyflowy/.stmcufinder/plugins/mcufinder//mcu/
2025-11-03 18:17:44,950 [WARN] DbFile:41 - Overriding database path with different value: /home/pinkyflowy/.stmcufinder/plugins/mcufinder/ => /home/pinkyflowy/.stmcufinder/plugins/mcufinder
2025-11-03 18:17:44,950 [WARN] DbFile:41 - Overriding database path with different value: /home/pinkyflowy/.stmcufinder/plugins/mcufinder/ => /home/pinkyflowy/.stmcufinder/plugins/mcufinder
2025-11-03 18:17:44,951 [INFO] CrossReferenceDbSqlite:203 - Set database path to: /home/pinkyflowy/.stmcufinder/plugins/mcufinder//mcu/cs/
2025-11-03 18:17:45,074 [INFO] MainPanel:274 - HeapMemory: 268435456
2025-11-03 18:17:45,340 [INFO] DbMcusXml:78 - Set database path to: /opt/st/stm32cubeide_1.19.0/plugins/com.st.stm32cube.common.mx_6.15.0.202507011659//db//mcu/
2025-11-03 18:17:45,341 [INFO] ApiDb:274 - Set plugin database path to: /opt/st/stm32cubeide_1.19.0/plugins/com.st.stm32cube.common.mx_6.15.0.202507011659//db//plugins/boardmanager/
2025-11-03 18:17:45,341 [INFO] ApiDb:261 - Set plugin images path to: /opt/st/stm32cubeide_1.19.0/plugins/com.st.stm32cube.common.mx_6.15.0.202507011659//db//plugins/mcufinder/images/
2025-11-03 18:17:45,341 [WARN] DbFile:41 - Overriding database path with different value: /home/pinkyflowy/.stmcufinder/plugins/mcufinder/ => /home/pinkyflowy/.stmcufinder/plugins/mcufinder
2025-11-03 18:17:45,341 [INFO] ApiDb:250 - Set database path to: /home/pinkyflowy/.stmcufinder/plugins/mcufinder//mcu/
2025-11-03 18:17:45,342 [WARN] DbFile:41 - Overriding database path with different value: /home/pinkyflowy/.stmcufinder/plugins/mcufinder/ => /home/pinkyflowy/.stmcufinder/plugins/mcufinder
2025-11-03 18:17:45,342 [INFO] DbMcusAds:125 - Set database path to: /home/pinkyflowy/.stmcufinder/plugins/mcufinder//mcu/
2025-11-03 18:17:45,342 [WARN] DbFile:41 - Overriding database path with different value: /home/pinkyflowy/.stmcufinder/plugins/mcufinder/ => /home/pinkyflowy/.stmcufinder/plugins/mcufinder
2025-11-03 18:17:45,342 [WARN] DbFile:41 - Overriding database path with different value: /home/pinkyflowy/.stmcufinder/plugins/mcufinder/ => /home/pinkyflowy/.stmcufinder/plugins/mcufinder
2025-11-03 18:17:45,342 [INFO] CrossReferenceDbSqlite:203 - Set database path to: /home/pinkyflowy/.stmcufinder/plugins/mcufinder//mcu/cs/
2025-11-03 18:17:45,369 [INFO] ApplicationProperties:184 - Using Application install path: /opt/st/stm32cubeide_1.19.0/plugins/com.st.stm32cube.common.mx_6.15.0.202507011659
2025-11-03 18:17:45,371 [INFO] PluginManage:196 - Search for loadable plugins [exclusion list=, ]
2025-11-03 18:17:45,373 [INFO] PluginManage:310 - Check plugin analytics
2025-11-03 18:17:45,821 [INFO] AnalyticsPlugin:253 - Accepted Software Licenses: 
2025-11-03 18:17:45,822 [INFO] AnalyticsPlugin:255 - Accepted CMSIS Pack Licenses: 
2025-11-03 18:17:45,822 [INFO] AnalyticsPlugin:257 - Accepted Firmware Licenses: FW.L4.1.18.0
2025-11-03 18:17:45,827 [INFO] PluginManage:359 - Loaded plugin analytics (category:tool,tabindex:-1)
2025-11-03 18:17:45,827 [INFO] PluginManage:310 - Check plugin cadmodel
2025-11-03 18:17:45,833 [INFO] CADModel:105 - Init CAD model plugin
2025-11-03 18:17:45,834 [INFO] PluginManage:359 - Loaded plugin cadmodel (category:power,tabindex:5)
2025-11-03 18:17:45,834 [INFO] PluginManage:310 - Check plugin clock
2025-11-03 18:17:45,851 [INFO] PluginManage:359 - Loaded plugin clock (category:base,tabindex:2)
2025-11-03 18:17:45,852 [INFO] PluginManage:310 - Check plugin ddr
2025-11-03 18:17:45,855 [INFO] PluginManage:359 - Loaded plugin ddr (category:tool,tabindex:6)
2025-11-03 18:17:45,855 [INFO] PluginManage:310 - Check plugin filemanager
2025-11-03 18:17:46,125 [INFO] PluginManage:359 - Loaded plugin filemanager (category:base,tabindex:10)
2025-11-03 18:17:46,125 [INFO] PluginManage:310 - Check plugin ipmanager
2025-11-03 18:17:46,132 [INFO] PluginManage:359 - Loaded plugin ipmanager (category:base,tabindex:5)
2025-11-03 18:17:46,132 [INFO] PluginManage:310 - Check plugin lpbam
2025-11-03 18:17:46,145 [INFO] PluginManage:359 - Loaded plugin lpbam (category:base,tabindex:0)
2025-11-03 18:17:46,146 [INFO] PluginManage:310 - Check plugin memorymap
2025-11-03 18:17:46,160 [INFO] PluginManage:359 - Loaded plugin memorymap (category:base,tabindex:4)
2025-11-03 18:17:46,160 [INFO] PluginManage:310 - Check plugin pinoutandconfiguration
2025-11-03 18:17:46,169 [INFO] PluginManage:359 - Loaded plugin pinoutandconfiguration (category:base,tabindex:1)
2025-11-03 18:17:46,170 [INFO] PluginManage:310 - Check plugin pinoutconfig
2025-11-03 18:17:46,297 [WARN] SupportedApi:132 - Cannot load RTOS API schema: s4s-elt-must-match.1: The content of 'definitions' must match (annotation?, (simpleType | complexType)?, (unique | key | keyref)*)). A problem was found starting at: attribute.
2025-11-03 18:17:46,514 [INFO] PluginManage:359 - Loaded plugin pinoutconfig (category:base,tabindex:0)
2025-11-03 18:17:46,514 [INFO] PluginManage:310 - Check plugin power
2025-11-03 18:17:46,527 [INFO] PluginManage:359 - Loaded plugin power (category:power,tabindex:4)
2025-11-03 18:17:46,527 [INFO] PluginManage:310 - Check plugin projectmanager
2025-11-03 18:17:46,553 [INFO] PluginManage:359 - Loaded plugin projectmanager (category:projectmanager,tabindex:4)
2025-11-03 18:17:46,553 [INFO] PluginManage:310 - Check plugin rif
2025-11-03 18:17:46,565 [INFO] PluginManage:359 - Loaded plugin rif (category:base,tabindex:3)
2025-11-03 18:17:46,565 [INFO] PluginManage:310 - Check plugin thirdparty
2025-11-03 18:17:46,754 [INFO] PluginManage:359 - Loaded plugin thirdparty (category:base,tabindex:-1)
2025-11-03 18:17:46,754 [WARN] IntegrityCheckThread:84 - waiting for thirdparty lock release [integrity check]
2025-11-03 18:17:46,755 [INFO] IntegrityCheckThread:86 - entering critical section [integrity check]
2025-11-03 18:17:46,755 [INFO] PluginManage:310 - Check plugin tools
2025-11-03 18:17:46,755 [INFO] ThirdPartyUpdaterWithRetryManager:70 - Updater plugin not ready yet. [1/15]
2025-11-03 18:17:46,757 [INFO] PluginManage:359 - Loaded plugin tools (category:base,tabindex:7)
2025-11-03 18:17:46,758 [INFO] PluginManage:310 - Check plugin tutovideos
2025-11-03 18:17:47,088 [INFO] PluginManage:359 - Loaded plugin tutovideos (category:base,tabindex:-1)
2025-11-03 18:17:47,088 [INFO] PluginManage:310 - Check plugin updater
2025-11-03 18:17:47,124 [INFO] PluginManage:359 - Loaded plugin updater (category:base,tabindex:12)
2025-11-03 18:17:47,124 [INFO] PluginManage:310 - Check plugin userauth
2025-11-03 18:17:47,131 [INFO] UserAuth:118 - Init User Auth plugin
2025-11-03 18:17:47,132 [INFO] PluginManage:359 - Loaded plugin userauth (category:base,tabindex:14)
2025-11-03 18:17:47,133 [INFO] PluginManage:283 - PluginManage : Loaded plugins [18]
2025-11-03 18:17:47,457 [INFO] PinOutPanel:1589 - setPackage(No Configuration,No Configuration)
2025-11-03 18:17:47,588 [INFO] CADModel:165 - CPN selected for project level
2025-11-03 18:17:47,588 [INFO] CADModel:114 - Register for checkConnection events
2025-11-03 18:17:47,606 [INFO] IPUIPlugin:80 - create IPUIPlugin
2025-11-03 18:17:47,607 [INFO] PluginManager:220 - loadIPPluginJar : add can
2025-11-03 18:17:47,611 [INFO] IPUIPlugin:80 - create IPUIPlugin
2025-11-03 18:17:47,612 [INFO] PluginManager:220 - loadIPPluginJar : add openamp
2025-11-03 18:17:47,616 [INFO] IPUIPlugin:80 - create IPUIPlugin
2025-11-03 18:17:47,616 [INFO] PluginManager:220 - loadIPPluginJar : add ddr_ctrl_phy
2025-11-03 18:17:47,620 [INFO] IPUIPlugin:80 - create IPUIPlugin
2025-11-03 18:17:47,621 [INFO] PluginManager:220 - loadIPPluginJar : add usart
2025-11-03 18:17:47,629 [INFO] IPUIPlugin:80 - create IPUIPlugin
2025-11-03 18:17:47,630 [INFO] PluginManager:220 - loadIPPluginJar : add freertos
2025-11-03 18:17:47,636 [INFO] IPUIPlugin:80 - create IPUIPlugin
2025-11-03 18:17:47,636 [INFO] PluginManager:220 - loadIPPluginJar : add opamp
2025-11-03 18:17:47,641 [INFO] IPUIPlugin:80 - create IPUIPlugin
2025-11-03 18:17:47,642 [INFO] PluginManager:220 - loadIPPluginJar : add nvic
2025-11-03 18:17:47,644 [INFO] IPUIPlugin:80 - create IPUIPlugin
2025-11-03 18:17:47,644 [INFO] PluginManager:220 - loadIPPluginJar : add tsc
2025-11-03 18:17:47,649 [INFO] IPUIPlugin:80 - create IPUIPlugin
2025-11-03 18:17:47,649 [INFO] PluginManager:220 - loadIPPluginJar : add resmgrutility
2025-11-03 18:17:47,658 [INFO] IPUIPlugin:80 - create IPUIPlugin
2025-11-03 18:17:47,663 [INFO] PluginManager:220 - loadIPPluginJar : add plateformsettings
2025-11-03 18:17:47,667 [INFO] IPUIPlugin:80 - create IPUIPlugin
2025-11-03 18:17:47,667 [INFO] PluginManager:220 - loadIPPluginJar : add hash
2025-11-03 18:17:47,678 [INFO] IPUIPlugin:80 - create IPUIPlugin
2025-11-03 18:17:47,678 [INFO] PluginManager:220 - loadIPPluginJar : add linkedlist
2025-11-03 18:17:47,681 [INFO] IPUIPlugin:80 - create IPUIPlugin
2025-11-03 18:17:47,681 [INFO] PluginManager:220 - loadIPPluginJar : add tim
2025-11-03 18:17:47,685 [INFO] IPUIPlugin:80 - create IPUIPlugin
2025-11-03 18:17:47,686 [INFO] PluginManager:220 - loadIPPluginJar : add sai
2025-11-03 18:17:47,690 [INFO] IPUIPlugin:80 - create IPUIPlugin
2025-11-03 18:17:47,690 [INFO] PluginManager:220 - loadIPPluginJar : add pdm2pcm
2025-11-03 18:17:47,693 [INFO] IPUIPlugin:80 - create IPUIPlugin
2025-11-03 18:17:47,693 [INFO] PluginManager:220 - loadIPPluginJar : add i2c
2025-11-03 18:17:47,697 [INFO] IPUIPlugin:80 - create IPUIPlugin
2025-11-03 18:17:47,697 [INFO] PluginManager:220 - loadIPPluginJar : add aes
2025-11-03 18:17:47,702 [INFO] IPUIPlugin:80 - create IPUIPlugin
2025-11-03 18:17:47,702 [INFO] PluginManager:220 - loadIPPluginJar : add touchsensing
2025-11-03 18:17:47,705 [INFO] IPUIPlugin:80 - create IPUIPlugin
2025-11-03 18:17:47,705 [INFO] PluginManager:220 - loadIPPluginJar : add gfxmmu
2025-11-03 18:17:47,708 [INFO] IPUIPlugin:80 - create IPUIPlugin
2025-11-03 18:17:47,709 [INFO] PluginManager:220 - loadIPPluginJar : add lorawan
2025-11-03 18:17:47,711 [INFO] IPUIPlugin:80 - create IPUIPlugin
2025-11-03 18:17:47,711 [INFO] PluginManager:220 - loadIPPluginJar : add genericplugin
2025-11-03 18:17:47,713 [INFO] IPUIPlugin:80 - create IPUIPlugin
2025-11-03 18:17:47,714 [INFO] PluginManager:220 - loadIPPluginJar : add quadspi
2025-11-03 18:17:47,717 [INFO] IPUIPlugin:80 - create IPUIPlugin
2025-11-03 18:17:47,717 [INFO] PluginManager:220 - loadIPPluginJar : add cryp
2025-11-03 18:17:47,721 [INFO] IPUIPlugin:80 - create IPUIPlugin
2025-11-03 18:17:47,721 [INFO] PluginManager:220 - loadIPPluginJar : add i2s
2025-11-03 18:17:47,729 [INFO] IPUIPlugin:80 - create IPUIPlugin
2025-11-03 18:17:47,730 [INFO] PluginManager:220 - loadIPPluginJar : add gic
2025-11-03 18:17:47,739 [INFO] IPUIPlugin:80 - create IPUIPlugin
2025-11-03 18:17:47,739 [INFO] PluginManager:220 - loadIPPluginJar : add mdma
2025-11-03 18:17:47,743 [INFO] IPUIPlugin:80 - create IPUIPlugin
2025-11-03 18:17:47,744 [INFO] PluginManager:220 - loadIPPluginJar : add usbx
2025-11-03 18:17:47,748 [INFO] IPUIPlugin:80 - create IPUIPlugin
2025-11-03 18:17:47,748 [INFO] PluginManager:220 - loadIPPluginJar : add gtzc
2025-11-03 18:17:47,751 [INFO] IPUIPlugin:80 - create IPUIPlugin
2025-11-03 18:17:47,751 [INFO] PluginManager:220 - loadIPPluginJar : add ucpd
2025-11-03 18:17:47,755 [INFO] IPUIPlugin:80 - create IPUIPlugin
2025-11-03 18:17:47,755 [INFO] PluginManager:220 - loadIPPluginJar : add i3c
2025-11-03 18:17:47,757 [INFO] IPUIPlugin:80 - create IPUIPlugin
2025-11-03 18:17:47,757 [INFO] PluginManager:220 - loadIPPluginJar : add fatfs
2025-11-03 18:17:47,759 [INFO] IPUIPlugin:80 - create IPUIPlugin
2025-11-03 18:17:47,759 [INFO] PluginManager:220 - loadIPPluginJar : add ltdc
2025-11-03 18:17:47,770 [INFO] IPUIPlugin:80 - create IPUIPlugin
2025-11-03 18:17:47,770 [INFO] PluginManager:220 - loadIPPluginJar : add stm32_wpan
2025-11-03 18:17:47,775 [INFO] IPUIPlugin:80 - create IPUIPlugin
2025-11-03 18:17:47,775 [INFO] PluginManager:220 - loadIPPluginJar : add ipddr
2025-11-03 18:17:47,781 [INFO] IPUIPlugin:80 - create IPUIPlugin
2025-11-03 18:17:47,781 [INFO] PluginManager:220 - loadIPPluginJar : add gpio
2025-11-03 18:17:47,790 [INFO] IPUIPlugin:80 - create IPUIPlugin
2025-11-03 18:17:47,790 [INFO] PluginManager:220 - loadIPPluginJar : add adc
2025-11-03 18:17:47,793 [INFO] IPUIPlugin:80 - create IPUIPlugin
2025-11-03 18:17:47,794 [INFO] PluginManager:220 - loadIPPluginJar : add spi
2025-11-03 18:17:47,796 [INFO] IPUIPlugin:80 - create IPUIPlugin
2025-11-03 18:17:47,797 [INFO] PluginManager:220 - loadIPPluginJar : add comp
2025-11-03 18:17:47,806 [INFO] IPUIPlugin:80 - create IPUIPlugin
2025-11-03 18:17:47,806 [INFO] PluginManager:220 - loadIPPluginJar : add dma
2025-11-03 18:17:47,808 [INFO] IPUIPlugin:80 - create IPUIPlugin
2025-11-03 18:17:47,809 [INFO] PluginManager:220 - loadIPPluginJar : add radio
2025-11-03 18:17:47,813 [INFO] IPUIPlugin:80 - create IPUIPlugin
2025-11-03 18:17:47,813 [INFO] PluginManager:220 - loadIPPluginJar : add dfsdm
2025-11-03 18:17:47,817 [INFO] IPUIPlugin:80 - create IPUIPlugin
2025-11-03 18:17:47,818 [INFO] PluginManager:220 - loadIPPluginJar : add extmemmanager
2025-11-03 18:17:47,820 [INFO] IPUIPlugin:80 - create IPUIPlugin
2025-11-03 18:17:47,821 [INFO] PluginManager:220 - loadIPPluginJar : add dma3
2025-11-03 18:17:47,823 [INFO] IPUIPlugin:80 - create IPUIPlugin
2025-11-03 18:17:47,824 [INFO] PluginManager:220 - loadIPPluginJar : add ts
2025-11-03 18:17:47,826 [INFO] IPUIPlugin:80 - create IPUIPlugin
2025-11-03 18:17:47,826 [INFO] PluginManager:220 - loadIPPluginJar : add tracer_emb
2025-11-03 18:17:47,833 [INFO] IPUIPlugin:80 - create IPUIPlugin
2025-11-03 18:17:47,834 [INFO] PluginManager:220 - loadIPPluginJar : add fmc
2025-11-03 18:17:47,964 [FATAL] Updater:351 - Updater called before beeing initialized
2025-11-03 18:17:48,017 [INFO] RulesReader:64 - Compatibility file has been processed (317 Rules)
2025-11-03 18:17:48,038 [INFO] RulesReader:64 - Compatibility file has been processed (317 Rules)
2025-11-03 18:17:48,049 [INFO] CADModel:165 - CPN selected for project level
2025-11-03 18:17:48,049 [INFO] CADModel:114 - Register for checkConnection events
2025-11-03 18:17:48,050 [FATAL] Updater:351 - Updater called before beeing initialized
2025-11-03 18:17:48,050 [ERROR] CADModel:125 - Updater not yet initialized, retry later 
2025-11-03 18:17:48,216 [FATAL] Updater:351 - Updater called before beeing initialized
2025-11-03 18:17:48,219 [INFO] CADModel:165 - CPN selected for project level
2025-11-03 18:17:48,219 [INFO] CADModel:114 - Register for checkConnection events
2025-11-03 18:17:48,219 [FATAL] Updater:351 - Updater called before beeing initialized
2025-11-03 18:17:48,219 [ERROR] CADModel:125 - Updater not yet initialized, retry later 
2025-11-03 18:17:48,225 [FATAL] Updater:351 - Updater called before beeing initialized
2025-11-03 18:17:48,384 [FATAL] Updater:351 - Updater called before beeing initialized
2025-11-03 18:17:48,391 [INFO] DbMcusAds:53 - JSON generation date=Thu Oct 02 11:36:05 CEST 2025 (1759397765645)
2025-11-03 18:17:48,391 [FATAL] Updater:351 - Updater called before beeing initialized
2025-11-03 18:17:48,440 [WARN] DetailPanel:346 - Failed to get advertising image, set to default
2025-11-03 18:17:48,542 [FATAL] Updater:351 - Updater called before beeing initialized
2025-11-03 18:17:48,545 [FATAL] Updater:351 - Updater called before beeing initialized
2025-11-03 18:17:48,545 [FATAL] Updater:351 - Updater called before beeing initialized
2025-11-03 18:17:48,545 [WARN] DetailPanel:346 - Failed to get advertising image, set to default
2025-11-03 18:17:48,547 [FATAL] Updater:351 - Updater called before beeing initialized
2025-11-03 18:17:48,596 [ERROR] Updater:1198 - MainUpdater not yet initialized. External WinMGr cannot be set.
2025-11-03 18:17:48,598 [INFO] Updater:1134 - Updater Version found : 6.15.0
2025-11-03 18:17:48,625 [INFO] ApplicationProperties:184 - Using Application install path: /opt/st/stm32cubeide_1.19.0/plugins/com.st.stm32cube.common.mx_6.15.0.202507011659
2025-11-03 18:17:49,101 [INFO] MainUpdater:2872 - connection check result : 10
2025-11-03 18:17:49,102 [INFO] MainUpdater:289 - Updater Check For Update Now.
2025-11-03 18:17:49,102 [INFO] MicroXplorer:498 - Change Database Version : DB.6.0.150
2025-11-03 18:17:49,108 [INFO] McuFinderGlobals:63 - Set McuFinder mode to 2 (CubeIDE integrated)
2025-11-03 18:17:49,108 [INFO] UserAuth:171 - activating auth plugin
2025-11-03 18:17:49,111 [INFO] UserAuth:487 - Internet connection configuration mode: 1
2025-11-03 18:17:49,155 [INFO] JxBrowserEngine:152 - Initiate JxBrowser Engine with user profile folder
2025-11-03 18:17:49,364 [INFO] CheckServerUpdateThread:120 - End of CheckServer Thread
2025-11-03 18:17:49,991 [WARN] PackLoader:240 - Cannot read IP mode file for STMicroelectronics.FP-SNS-MOTENVWB1.1.4.0
2025-11-03 18:17:50,002 [WARN] PackLoader:240 - Cannot read IP mode file for STMicroelectronics.FP-ATR-ASTRA1.2.0.2
2025-11-03 18:17:50,013 [WARN] PackLoader:240 - Cannot read IP mode file for STMicroelectronics.X-CUBE-SMBUS.2.1.0
2025-11-03 18:17:50,022 [WARN] PackLoader:240 - Cannot read IP mode file for STMicroelectronics.X-CUBE-ST60.1.0.0
2025-11-03 18:17:50,073 [WARN] PackLoader:240 - Cannot read IP mode file for STMicroelectronics.X-CUBE-AZRTOS-F7.1.1.0
2025-11-03 18:17:50,087 [WARN] PackLoader:240 - Cannot read IP mode file for STMicroelectronics.FP-SNS-MOTENV1.5.1.0
2025-11-03 18:17:50,100 [WARN] PackLoader:240 - Cannot read IP mode file for WES.I-CUBE-Cesium.1.4.0
2025-11-03 18:17:50,137 [WARN] PackLoader:240 - Cannot read IP mode file for Infineon.AIROC-Wi-Fi-Bluetooth-STM32.1.7.1
2025-11-03 18:17:50,193 [WARN] PackLoader:240 - Cannot read IP mode file for STMicroelectronics.X-CUBE-AZRTOS-H7.3.4.0
2025-11-03 18:17:50,213 [WARN] PackLoader:240 - Cannot read IP mode file for STMicroelectronics.X-CUBE-DISPLAY.3.0.0
2025-11-03 18:17:50,234 [WARN] PackLoader:240 - Cannot read IP mode file for STMicroelectronics.X-CUBE-NFC10.1.0.0
2025-11-03 18:17:50,244 [WARN] PackLoader:240 - Cannot read IP mode file for STMicroelectronics.X-CUBE-ST60.1.1.0
2025-11-03 18:17:50,252 [WARN] PackLoader:240 - Cannot read IP mode file for emotas.I-CUBE-CANOPEN.1.3.0
2025-11-03 18:17:50,261 [WARN] PackLoader:240 - Cannot read IP mode file for STMicroelectronics.X-CUBE-GNSS1.7.1.0
2025-11-03 18:17:50,275 [WARN] PackLoader:240 - Cannot read IP mode file for STMicroelectronics.FP-SNS-STBOX1.2.1.0
2025-11-03 18:17:50,285 [WARN] PackLoader:240 - Cannot read IP mode file for STMicroelectronics.FP-SNS-SMARTAG2.1.2.0
2025-11-03 18:17:50,291 [WARN] PackLoader:240 - Cannot read IP mode file for STMicroelectronics.FP-SNS-FLIGHT1.5.1.0
2025-11-03 18:17:50,308 [INFO] LogOutputStream:77 - [STDOUT_REDIRECT] 1 : Invalid condition id : UX_CORESTACK_Condition cause : null
2025-11-03 18:17:50,309 [INFO] LogOutputStream:77 - [STDOUT_REDIRECT] 1 : Invalid condition id : UX_CORESTACK_Condition cause : null
2025-11-03 18:17:50,309 [INFO] LogOutputStream:77 - [STDOUT_REDIRECT] 1 : Invalid condition id : UX_CORESTACK_Condition cause : null
2025-11-03 18:17:50,310 [INFO] LogOutputStream:77 - [STDOUT_REDIRECT] 1 : Invalid condition id : UX_CORESTACK_Condition cause : null
2025-11-03 18:17:50,310 [INFO] LogOutputStream:77 - [STDOUT_REDIRECT] 1 : Invalid condition id : UX_CORESTACK_Condition cause : null
2025-11-03 18:17:50,317 [WARN] PackLoader:240 - Cannot read IP mode file for STMicroelectronics.X-CUBE-AZRTOS-WL.2.0.0
2025-11-03 18:17:50,324 [WARN] PackLoader:240 - Cannot read IP mode file for STMicroelectronics.FP-SNS-MOTENV1.5.0.0
2025-11-03 18:17:50,334 [WARN] PackLoader:240 - Cannot read IP mode file for STMicroelectronics.X-CUBE-BLE2.3.3.0
2025-11-03 18:17:50,344 [WARN] PackLoader:240 - Cannot read IP mode file for STMicroelectronics.X-CUBE-NFC9.1.0.0
2025-11-03 18:17:50,353 [WARN] PackLoader:240 - Cannot read IP mode file for wolfSSL.I-CUBE-wolfSSL.5.8.2
2025-11-03 18:17:50,359 [WARN] PackLoader:240 - Cannot read IP mode file for STMicroelectronics.X-CUBE-BLE1.7.1.0
2025-11-03 18:17:50,364 [WARN] PackLoader:240 - Cannot read IP mode file for wolfSSL.I-CUBE-wolfMQTT.1.19.2
2025-11-03 18:17:50,373 [WARN] PackLoader:240 - Cannot read IP mode file for STMicroelectronics.X-CUBE-EEPRMA1.5.2.0
2025-11-03 18:17:50,400 [WARN] PackLoader:240 - Cannot read IP mode file for STMicroelectronics.X-CUBE-ST67W61.1.1.0
2025-11-03 18:17:50,430 [WARN] PackLoader:240 - Cannot read IP mode file for STMicroelectronics.X-CUBE-AZRTOS-G0.1.1.0
2025-11-03 18:17:50,442 [WARN] PackLoader:240 - Cannot read IP mode file for STMicroelectronics.X-CUBE-SAFEA1.1.2.2
2025-11-03 18:17:50,451 [WARN] PackLoader:240 - Cannot read IP mode file for STMicroelectronics.X-CUBE-NFC4.3.0.0
2025-11-03 18:17:50,466 [WARN] PackLoader:240 - Cannot read IP mode file for EmbeddedOffice.I-CUBE-FS-RTOS.1.0.1
2025-11-03 18:17:50,472 [WARN] PackLoader:240 - Cannot read IP mode file for STMicroelectronics.X-CUBE-WB05N.2.0.0
2025-11-03 18:17:50,476 [WARN] PackLoader:240 - Cannot read IP mode file for wolfSSL.I-CUBE-wolfTPM.3.8.0
2025-11-03 18:17:50,483 [WARN] PackLoader:240 - Cannot read IP mode file for STMicroelectronics.X-CUBE-TCPP.4.2.0
2025-11-03 18:17:50,489 [WARN] PackLoader:240 - Cannot read IP mode file for RealThread.X-CUBE-RT-Thread_Nano.4.1.1
2025-11-03 18:17:50,493 [WARN] PackLoader:240 - Cannot read IP mode file for STMicroelectronics.FP-ATR-SIGFOX1.3.2.0
2025-11-03 18:17:50,501 [WARN] PackLoader:240 - Cannot read IP mode file for ITTIA_DB.I-CUBE-ITTIADB.8.9.0
2025-11-03 18:17:50,507 [WARN] PackLoader:240 - Cannot read IP mode file for STMicroelectronics.X-CUBE-ST67W61.1.0.0
2025-11-03 18:17:50,512 [WARN] PackLoader:240 - Cannot read IP mode file for STMicroelectronics.X-CUBE-AI.10.2.0
2025-11-03 18:17:50,559 [WARN] PackLoader:240 - Cannot read IP mode file for SEGGER.I-CUBE-embOS.1.3.1
2025-11-03 18:17:50,635 [WARN] PackLoader:240 - Cannot read IP mode file for STMicroelectronics.X-CUBE-ALGOBUILD.1.4.0
2025-11-03 18:17:50,725 [WARN] PackLoader:240 - Cannot read IP mode file for STMicroelectronics.X-CUBE-MEMS1.11.3.0
2025-11-03 18:17:51,136 [WARN] PackLoader:240 - Cannot read IP mode file for STMicroelectronics.X-CUBE-PM33A1.1.0.0
2025-11-03 18:17:51,161 [WARN] PackLoader:240 - Cannot read IP mode file for STMicroelectronics.X-CUBE-AZRTOS-F4.1.1.0
2025-11-03 18:17:51,168 [WARN] PackLoader:240 - Cannot read IP mode file for Avnet-IotConnect.X-CUBE-IoTC-DA16k-PMOD.1.0.0
2025-11-03 18:17:51,172 [WARN] PackLoader:240 - Cannot read IP mode file for STMicroelectronics.X-CUBE-ISPU.2.1.0
2025-11-03 18:17:51,191 [WARN] PackLoader:240 - Cannot read IP mode file for STMicroelectronics.X-CUBE-IPS.3.2.0
2025-11-03 18:17:51,207 [WARN] PackLoader:240 - Cannot read IP mode file for STMicroelectronics.X-CUBE-NFC12.1.0.0
2025-11-03 18:17:51,244 [WARN] PackLoader:240 - Cannot read IP mode file for STMicroelectronics.X-CUBE-AZRTOS-L5.2.0.0
2025-11-03 18:17:51,261 [WARN] PackLoader:240 - Cannot read IP mode file for STMicroelectronics.X-CUBE-NFC6.3.1.0
2025-11-03 18:17:51,274 [WARN] PackLoader:240 - Cannot read IP mode file for STMicroelectronics.X-CUBE-FREERTOS.1.3.1
2025-11-03 18:17:51,280 [WARN] PackLoader:240 - Cannot read IP mode file for STMicroelectronics.X-CUBE-TOUCHGFX.4.26.0
2025-11-03 18:17:51,286 [WARN] PackLoader:240 - Cannot read IP mode file for STMicroelectronics.FP-SNS-STAIOTCFT.1.0.0
2025-11-03 18:17:51,295 [WARN] PackLoader:240 - Cannot read IP mode file for STMicroelectronics.X-CUBE-DPower.1.3.0
2025-11-03 18:17:51,330 [WARN] ConditionMgr:438 - getConditionDescription Invalid condition id : LAN8742 Phy interface Condition cause : null
2025-11-03 18:17:51,332 [WARN] PackLoader:240 - Cannot read IP mode file for STMicroelectronics.X-CUBE-AZRTOS-L4.2.0.0
2025-11-03 18:17:51,334 [WARN] ConditionMgr:1044 - genDependencies : Invalid condition id : LAN8742 Phy interface Condition cause : null
2025-11-03 18:17:51,334 [WARN] ConditionMgr:1044 - genDependencies : Invalid condition id : LAN8742 Phy interface Condition cause : null
2025-11-03 18:17:51,335 [WARN] ConditionMgr:1044 - genDependencies : Invalid condition id : LAN8742 Phy interface Condition cause : null
2025-11-03 18:17:51,347 [WARN] PackLoader:240 - Cannot read IP mode file for STMicroelectronics.X-CUBE-SFXS2LP1.4.0.0
2025-11-03 18:17:51,368 [WARN] PackLoader:240 - Cannot read IP mode file for STMicroelectronics.X-CUBE-BLEMGR.4.1.0
2025-11-03 18:17:51,390 [WARN] ConditionMgr:438 - getConditionDescription Invalid condition id : UX DEVICE CLASS RTOS Condition cause : null
2025-11-03 18:17:51,390 [WARN] ConditionMgr:438 - getConditionDescription Invalid condition id : UX DEVICE CLASS RTOS Condition cause : null
2025-11-03 18:17:51,394 [WARN] PackLoader:240 - Cannot read IP mode file for STMicroelectronics.X-CUBE-AZRTOS-WB.2.0.0
2025-11-03 18:17:51,395 [WARN] ConditionMgr:1044 - genDependencies : Invalid condition id : UX DEVICE CLASS RTOS Condition cause : null
2025-11-03 18:17:51,395 [WARN] ConditionMgr:1044 - genDependencies : Invalid condition id : UX DEVICE CLASS RTOS Condition cause : null
2025-11-03 18:17:51,396 [WARN] ConditionMgr:1044 - genDependencies : Invalid condition id : UX DEVICE CLASS RTOS Condition cause : null
2025-11-03 18:17:51,397 [WARN] ConditionMgr:1044 - genDependencies : Invalid condition id : UX DEVICE CLASS RTOS Condition cause : null
2025-11-03 18:17:51,397 [WARN] ConditionMgr:1044 - genDependencies : Invalid condition id : UX DEVICE CLASS RTOS Condition cause : null
2025-11-03 18:17:51,404 [WARN] PackLoader:240 - Cannot read IP mode file for STMicroelectronics.X-CUBE-GNSS1.7.0.1
2025-11-03 18:17:51,408 [WARN] PackLoader:240 - Cannot read IP mode file for STMicroelectronics.X-CUBE-TOUCHGFX.4.25.0
2025-11-03 18:17:51,411 [WARN] ConditionMgr:438 - getConditionDescription Invalid condition id : Cortex-A Device cause : null
2025-11-03 18:17:51,425 [WARN] ConditionMgr:1044 - genDependencies : Invalid condition id : Cortex-A Device cause : null
2025-11-03 18:17:51,425 [WARN] ConditionMgr:1044 - genDependencies : Invalid condition id : Cortex-A Device cause : null
2025-11-03 18:17:51,425 [WARN] ConditionMgr:1044 - genDependencies : Invalid condition id : Cortex-A Device cause : null
2025-11-03 18:17:51,439 [WARN] PackLoader:240 - Cannot read IP mode file for STMicroelectronics.X-CUBE-SUBG2.5.0.0
2025-11-03 18:17:51,471 [WARN] PackLoader:240 - Cannot read IP mode file for STMicroelectronics.X-CUBE-AZRTOS-H7RS.1.1.0
2025-11-03 18:17:51,477 [WARN] PackLoader:240 - Cannot read IP mode file for Cesanta.I-CUBE-Mongoose.7.13.0
2025-11-03 18:17:51,497 [WARN] PackLoader:240 - Cannot read IP mode file for STMicroelectronics.X-CUBE-AZRTOS-G4.2.0.0
2025-11-03 18:17:51,501 [WARN] PackLoader:240 - Cannot read IP mode file for wolfSSL.I-CUBE-wolfSSH.1.4.20
2025-11-03 18:17:51,505 [WARN] PackLoader:240 - Cannot read IP mode file for STMicroelectronics.X-CUBE-NFC7.2.0.0
2025-11-03 18:17:51,523 [WARN] PackLoader:240 - Cannot read IP mode file for STMicroelectronics.X-CUBE-IPS.3.1.0
2025-11-03 18:17:51,534 [WARN] PackLoader:240 - Cannot read IP mode file for STMicroelectronics.X-CUBE-ALS.1.0.2
2025-11-03 18:17:51,557 [WARN] PackLoader:240 - Cannot read IP mode file for STMicroelectronics.X-CUBE-STSE01.1.0.0
2025-11-03 18:17:51,575 [WARN] PackLoader:240 - Cannot read IP mode file for STMicroelectronics.X-CUBE-TOF1.3.4.3
2025-11-03 18:17:51,596 [INFO] ThirdParty:978 - Integrity check success = true
2025-11-03 18:17:51,596 [INFO] IntegrityCheckThread:100 - exiting critical section [integrity check]
2025-11-03 18:17:51,596 [INFO] IntegrityCheckThread:103 - End integrity checks thread
2025-11-03 18:18:01,439 [INFO] WebApp:169 - Instantiating new browser for Auth
2025-11-03 18:18:16,150 [INFO] WebApp:463 - Apply proxy settings
2025-11-03 18:18:16,151 [INFO] WebApp:548 - Chromium requires no authentication
2025-11-03 18:18:16,427 [INFO] WebApp:491 - Direct internet connection detected
2025-11-03 18:18:17,037 [INFO] WebApp:900 - Register for checkConnection events
2025-11-03 18:18:17,037 [INFO] WebApp:463 - Apply proxy settings
2025-11-03 18:18:17,037 [INFO] WebApp:548 - Chromium requires no authentication
2025-11-03 18:18:17,038 [INFO] WebApp:491 - Direct internet connection detected
2025-11-03 18:18:20,960 [INFO] WebApp:225 - Starting web application
2025-11-03 18:18:20,961 [INFO] WebApp:593 - Web application path used /opt/st/stm32cubeide_1.19.0/plugins/com.st.stm32cube.common.mx_6.15.0.202507011659/db/plugins/mcufinder/reactClient1/index.html
2025-11-03 18:18:21,005 [INFO] WebApp:191 - Connection restablished
2025-11-03 18:52:35,657 [ERROR] LogOutputStream:75 - [STDERR_REDIRECT] 
